,Player,Pos,Age,Tm,G,GS,MP,FG,FGA,FG%,3P,3PA,3P%,2P,2PA,2P%,FT,FTA,FT%,ORB,DRB,TRB,AST,STL,BLK,TOV,PF,PTS
1,Steven Adams\adamsst01,C,26,OKC,63,63,1680,6.1,10.2,0.592,0,0.1,0.333,6,10.2,0.594,2.5,4.3,0.582,4.4,8.1,12.5,3.1,1.1,1.4,2,2.6,14.7
2,Bam Adebayo\adebaba01,PF,22,MIA,72,72,2417,6.6,11.8,0.557,0,0.2,0.143,6.5,11.6,0.564,3.9,5.7,0.691,2.6,8.3,10.9,5.5,1.2,1.4,3,2.7,17.1
3,LaMarcus Aldridge\aldrila01,C,34,SAS,53,53,1754,8,16.3,0.493,1.3,3.2,0.389,6.8,13.1,0.519,3.2,3.9,0.827,2.1,5.9,8,2.6,0.7,1.8,1.5,2.6,20.5
4,Kyle Alexander\alexaky01,PF,23,MIA,2,0,13,2.8,5.5,0.5,0,0,,2.8,5.5,0.5,0,0,,5.5,2.8,8.3,0,0,0,2.8,2.8,5.5
5,Nickeil Alexander-Walker\alexani01,SG,21,NOP,47,1,591,6,16.2,0.368,2.8,8.1,0.346,3.2,8.1,0.391,1.5,2.3,0.676,0.5,4.6,5.1,5.4,1,0.5,3.3,3.5,16.3
6,Grayson Allen\allengr01,SG,24,MEM,38,0,718,5.9,12.6,0.466,2.9,7.1,0.404,3,5.5,0.545,2,2.3,0.867,0.4,3.9,4.3,2.6,0.5,0.1,1.7,2.7,16.5
7,Jarrett Allen\allenja01,C,21,BRK,70,64,1852,5.9,9,0.649,0,0.1,0,5.9,8.9,0.658,3.3,5.2,0.633,4.2,8.8,13,2.1,0.8,1.8,1.5,3.1,15.1
8,Kadeem Allen\allenka01,SG,27,NYK,10,0,117,5.8,13.5,0.432,1.5,4.9,0.313,4.3,8.6,0.5,2.2,3.4,0.636,0.6,2.2,2.8,6.5,1.5,0.6,2.5,2.2,15.4
9,Al-Farouq Aminu\aminual01,PF,29,ORL,18,2,380,2.4,8.1,0.291,0.9,3.4,0.25,1.5,4.7,0.32,1.8,2.7,0.655,2.3,6,8.2,2,1.7,0.8,1.6,2.6,7.4
10,Justin Anderson\anderju01,SF,26,BRK,10,1,107,3.4,12.8,0.263,2,9.8,0.207,1.3,3,0.444,0.7,1.3,0.5,0.3,6.7,7.1,2.7,0,2,1.3,4.4,9.4
11,Kyle Anderson\anderky01,PF,26,MEM,67,28,1330,4.2,9,0.474,0.6,2.3,0.282,3.6,6.7,0.541,1.4,2.1,0.667,1.6,6.1,7.7,4.4,1.5,1,1.8,3,10.6
12,Ryan Anderson\anderry01,C,31,HOU,2,0,14,5.1,18,0.286,2.6,12.9,0.2,2.6,5.1,0.5,0,0,,0,18,18,5.1,2.6,0,2.6,2.6,12.9
13,Giannis Antetokounmpo\antetgi01,PF,25,MIL,63,63,1917,12.9,23.2,0.553,1.7,5.5,0.304,11.2,17.7,0.631,7.5,11.8,0.633,2.6,13.4,16.1,6.6,1.1,1.2,4.3,3.7,34.9
14,Kostas Antetokounmpo\antetko01,PF,22,LAL,5,0,20,5.4,5.4,1,0,0,,5.4,5.4,1,1.8,3.6,0.5,3.6,1.8,5.4,3.6,0,0,1.8,3.6,12.6
15,Thanasis Antetokounmpo\antetth01,SF,27,MIL,20,2,129,6.7,13.4,0.5,0,2.8,0,6.7,10.6,0.632,2,4.7,0.412,3.3,3.3,6.7,4.2,2,0.6,3.3,5,15.3
16,Carmelo Anthony\anthoca01,PF,35,POR,58,58,1902,6.4,14.8,0.43,1.6,4.3,0.385,4.7,10.5,0.448,2.6,3,0.845,1.3,5.6,7,1.6,0.9,0.5,1.9,3.2,16.9
17,OG Anunoby\anunoog01,SF,22,TOR,69,68,2066,5,9.9,0.505,1.6,4,0.39,3.4,5.9,0.583,1.3,1.8,0.706,1.4,4.9,6.3,1.9,1.7,0.8,1.4,2.9,12.8
18,Ryan Arcidiacono\arcidry01,PG,25,CHI,58,4,930,3.5,8.5,0.409,2.1,5.3,0.391,1.4,3.2,0.439,1,1.5,0.711,0.8,3.5,4.3,3.7,1,0.1,1.4,3.7,10.1
19,Trevor Ariza\arizatr01,SF,34,TOT,53,21,1493,3.4,7.8,0.438,1.9,5,0.372,1.6,2.8,0.556,1.5,1.8,0.838,0.8,5.1,5.9,2.2,1.7,0.4,1.4,2.7,10.2
19,Trevor Ariza\arizatr01,SF,34,SAC,32,0,791,2.9,7.5,0.388,2,5.6,0.352,1,2,0.488,1,1.2,0.778,1,5.7,6.6,2.3,1.6,0.3,1.3,2.9,8.7
19,Trevor Ariza\arizatr01,SF,34,POR,21,21,702,4,8.2,0.491,1.7,4.4,0.4,2.3,3.8,0.595,2.1,2.4,0.872,0.7,4.5,5.1,2.1,1.7,0.4,1.4,2.5,11.8
20,D.J. Augustin\augusdj01,PG,32,ORL,57,13,1420,4.7,11.7,0.399,1.8,5.1,0.348,2.9,6.6,0.438,4.1,4.6,0.89,0.6,2.5,3.1,6.6,0.9,0,2.2,1.8,15.2
21,Deandre Ayton\aytonde01,C,21,PHO,38,32,1236,9,16.5,0.546,0.1,0.4,0.231,8.9,16.2,0.553,2,2.6,0.753,4.3,8.4,12.7,2.1,0.8,1.7,2.3,3.4,20.1
22,Dwayne Bacon\bacondw01,SG,24,CHO,39,11,687,4.5,12.8,0.348,1,3.5,0.284,3.5,9.3,0.373,1.8,2.8,0.66,0.8,4.5,5.2,2.7,1.2,0.1,1.9,2.7,11.7
23,Marvin Bagley III\baglema01,PF,20,SAC,13,6,334,8.4,18,0.467,0.4,2.4,0.182,8,15.6,0.51,2.7,3.3,0.806,3.1,7.3,10.5,1.1,0.6,1.3,1.9,4.6,19.9
24,Lonzo Ball\balllo01,PG,22,NOP,63,54,2025,4.9,12.2,0.403,2.6,7,0.375,2.3,5.2,0.442,0.8,1.4,0.566,1.3,5.5,6.8,7.8,1.6,0.7,3.4,2.3,13.2
25,Mo Bamba\bambamo01,C,21,ORL,62,0,878,5.4,11.7,0.462,1.5,4.4,0.346,3.9,7.3,0.531,1.3,1.9,0.674,4.1,8.3,12.4,1.7,0.9,3.5,1.7,4.8,13.6
26,J.J. Barea\bareajo01,PG,35,DAL,29,6,450,6.8,16.6,0.411,2.6,6.8,0.376,4.2,9.8,0.434,1.6,1.8,0.909,0.8,3.4,4.2,9,0.4,0.2,3,2.2,17.8
27,Harrison Barnes\barneha02,PF,27,SAC,72,72,2482,5.3,11.5,0.46,1.5,3.9,0.381,3.8,7.6,0.501,3.1,3.9,0.801,1.1,4,5.1,2.3,0.6,0.2,1.3,1.3,15.2
28,RJ Barrett\barrerj01,SG,19,NYK,56,55,1704,6.2,15.4,0.402,1.3,4.2,0.32,4.8,11.2,0.432,3.3,5.4,0.614,1.1,4.8,5.9,3,1.2,0.4,2.6,2.6,17
29,Will Barton\bartowi01,SF,29,DEN,58,58,1916,6.2,13.9,0.45,2,5.4,0.375,4.2,8.5,0.498,1.9,2.5,0.767,1.4,5.4,6.9,4,1.1,0.5,1.7,2.3,16.4
30,Keita Bates-Diop\bateske01,SF,24,TOT,44,0,744,4.8,11.3,0.427,1.6,5,0.33,3.2,6.3,0.504,2.6,3.6,0.72,1.2,4.9,6.1,1.5,0.9,1.2,0.8,2.1,13.9
30,Keita Bates-Diop\bateske01,SF,24,MIN,37,0,646,4.8,11.5,0.422,1.7,5.2,0.33,3.1,6.2,0.5,2.6,3.6,0.708,1.2,5,6.1,1.7,0.9,1.1,0.8,2,14
30,Keita Bates-Diop\bateske01,SF,24,DEN,7,0,98,4.8,10.3,0.464,1.1,3.3,0.333,3.7,7,0.526,2.9,3.7,0.8,1.5,4.8,6.2,0,0.7,1.5,1.1,2.6,13.6
31,Nicolas Batum\batumni01,SF,31,CHO,22,3,505,2,5.8,0.346,1,3.5,0.286,1,2.3,0.438,0.6,0.7,0.9,1.8,5.3,7.1,4.7,1.2,0.6,1.6,2.9,5.6
32,Aron Baynes\baynear01,C,33,PHO,42,28,934,7.1,14.7,0.48,2.3,6.5,0.351,4.8,8.2,0.582,2.2,2.9,0.747,2.7,6.4,9.1,2.6,0.4,0.9,1.9,5.4,18.5
33,Kent Bazemore\bazemke01,SF-SG,30,TOT,68,21,1688,4.3,11.4,0.375,1.8,5.2,0.344,2.5,6.2,0.4,2.4,3.1,0.769,0.6,5.7,6.3,2,1.6,0.9,1.9,4.2,12.7
33,Kent Bazemore\bazemke01,SF,30,POR,43,21,1111,3.7,10.6,0.347,1.8,5.5,0.327,1.8,5,0.368,1.9,2.3,0.806,0.4,5.2,5.6,2,1.5,1,1.9,3.9,11
33,Kent Bazemore\bazemke01,SG,30,SAC,25,0,577,5.4,13,0.418,1.7,4.6,0.384,3.7,8.4,0.437,3.4,4.7,0.733,0.9,6.7,7.6,2,1.8,0.6,1.9,4.7,16
34,Darius Bazley\bazleda01,PF,19,OKC,61,9,1130,4,10.1,0.394,1.6,4.5,0.348,2.4,5.6,0.432,1.4,2,0.694,1,6.9,7.8,1.3,0.7,1.3,1.4,1.8,10.9
35,Bradley Beal\bealbr01,SG,26,WAS,57,57,2053,10.4,22.8,0.455,3,8.4,0.353,7.4,14.4,0.515,6.8,8,0.842,0.9,3.3,4.2,6.1,1.2,0.4,3.4,2.2,30.5
36,Malik Beasley\beaslma01,SG,23,TOT,55,14,1209,6.8,15.9,0.425,3.2,8.2,0.388,3.6,7.7,0.465,1.6,2,0.818,0.5,3.9,4.4,2.2,1.2,0.2,1.7,2.3,18.3
36,Malik Beasley\beaslma01,SG,23,DEN,41,0,746,5.6,14.5,0.389,2.8,7.8,0.36,2.8,6.8,0.421,1.6,1.8,0.868,0.4,3.3,3.7,2.3,1.5,0.3,1.7,2.4,15.7
36,Malik Beasley\beaslma01,SG,23,MIN,14,14,463,8.6,18.1,0.472,3.8,8.9,0.426,4.7,9.2,0.517,1.6,2.2,0.75,0.7,4.8,5.5,2.1,0.7,0.2,1.6,2.1,22.5
37,Marco Belinelli\belinma01,SG,33,SAS,57,0,883,5,12.8,0.392,2.7,7.3,0.376,2.3,5.5,0.412,2,2.4,0.828,0.3,3.8,4,2.8,0.5,0,0.8,1.8,14.7
38,Jordan Bell\belljo01,C-PF,25,TOT,29,0,256,4.9,9.4,0.522,0.6,1.7,0.333,4.4,7.7,0.564,2.7,4.4,0.613,4.2,7.2,11.4,2.3,0.4,1.4,3,2.7,13.1
38,Jordan Bell\belljo01,C,25,MIN,27,0,235,4.9,9.2,0.533,0.3,1.4,0.222,4.6,7.8,0.588,2.6,4.4,0.586,4.3,7.7,11.9,2.1,0.3,1.5,2.8,2.6,12.7
38,Jordan Bell\belljo01,PF,25,MEM,2,0,21,5.1,12,0.429,3.4,5.1,0.667,1.7,6.9,0.25,3.4,3.4,1,3.4,1.7,5.1,3.4,1.7,0,5.1,3.4,17.1
39,DeAndre' Bembry\bembrde01,SG,25,ATL,43,4,915,4.1,9,0.456,0.6,2.6,0.231,3.5,6.4,0.546,1,1.9,0.542,1.3,4.6,6,3.2,2.2,0.7,2.4,3.3,9.8
40,Dragan Bender\bendedr01,SF,22,TOT,16,3,286,5.2,11.6,0.446,1.9,5.4,0.349,3.3,6.2,0.531,1.3,1.8,0.714,2,7.2,9.2,3.5,0.5,1.1,2.6,5.3,13.5
40,Dragan Bender\bendedr01,SF,22,MIL,7,0,91,4,8.3,0.476,1.6,3.6,0.444,2.4,4.7,0.5,0.8,1.2,0.667,0,7.9,7.9,3.6,0,2,2,6.3,10.3
40,Dragan Bender\bendedr01,SF,22,GSW,9,3,195,5.7,13.1,0.437,2,6.3,0.324,3.7,6.8,0.541,1.5,2,0.727,3,6.8,9.8,3.5,0.7,0.7,3,4.8,15
41,Dāvis Bertāns\bertada01,PF,27,WAS,54,4,1583,6,13.9,0.434,4.5,10.7,0.424,1.5,3.1,0.471,2.4,2.8,0.852,0.8,4.8,5.6,2.1,0.8,0.8,1.3,3.2,19
42,Patrick Beverley\beverpa01,PG,31,LAC,51,50,1342,3.9,9.1,0.431,2.1,5.5,0.388,1.8,3.6,0.496,0.8,1.3,0.66,1.5,5.6,7.1,4.9,1.4,0.7,1.8,4.2,10.9
43,Khem Birch\birchkh01,C,27,ORL,48,24,922,2.9,5.6,0.51,0,0,0,2.9,5.5,0.514,2.6,3.9,0.653,3.6,5,8.6,2,0.8,0.9,1.2,3.6,8.3
44,Goga Bitadze\bitadgo01,C,20,IND,54,2,471,5.4,11.5,0.467,0.6,3.2,0.19,4.7,8.3,0.574,1.8,2.5,0.727,1.9,6.2,8.1,1.8,0.8,2.8,2.1,5,13.1
45,Bismack Biyombo\biyombi01,C,27,CHO,53,29,1029,5.3,9.7,0.543,0,0,,5.3,9.7,0.543,3.2,5.3,0.603,4.2,6.6,10.8,1.7,0.3,1.7,1.7,4.1,13.7
46,Nemanja Bjelica\bjeline01,PF,31,SAC,72,67,2011,5.6,11.7,0.481,2.4,5.7,0.419,3.2,6,0.541,1.2,1.5,0.821,2,6.2,8.2,3.6,1.1,0.7,1.8,3.9,14.9
47,Eric Bledsoe\bledser01,PG,30,MIL,61,61,1646,7.3,15.4,0.475,1.6,4.7,0.344,5.7,10.7,0.533,3.7,4.7,0.79,0.9,5.2,6.2,7.2,1.2,0.6,3.2,2.8,19.9
48,Bogdan Bogdanović\bogdabo01,SG,27,SAC,61,28,1766,6.9,15.6,0.44,3.3,9,0.372,3.5,6.6,0.532,1.8,2.4,0.741,0.5,3.7,4.2,4.2,1.3,0.3,2.1,2.7,18.8
49,Bojan Bogdanović\bogdabo02,SF,30,UTA,63,63,2083,7.2,16.2,0.447,3.3,7.9,0.414,4,8.3,0.479,4.3,4.8,0.903,0.7,3.8,4.5,2.3,0.6,0.1,2.7,1.9,22
50,Bol Bol\bolbo01,SF,20,DEN,7,0,87,5.8,11.6,0.5,1.7,3.7,0.444,4.1,7.9,0.526,3.3,4.1,0.8,2.1,5.8,7.9,2.5,0.8,2.5,4.1,4.6,16.6
51,Jonah Bolden\boldejo01,PF,24,TOT,7,0,47,3.1,8.4,0.364,0,3.1,0,3.1,5.4,0.571,1.5,3.1,0.5,2.3,4.6,6.9,0,2.3,1.5,1.5,7.7,7.7
51,Jonah Bolden\boldejo01,PF,24,PHI,4,0,14,5.1,7.7,0.667,0,2.6,0,5.1,5.1,1,0,5.1,0,0,2.6,2.6,0,2.6,0,5.1,10.3,10.3
51,Jonah Bolden\boldejo01,PF,24,PHO,3,0,33,2.2,8.7,0.25,0,3.3,0,2.2,5.5,0.4,2.2,2.2,1,3.3,5.5,8.7,0,2.2,2.2,0,6.5,6.5
52,Marques Bolden\boldema01,C,21,CLE,1,0,3,0,0,,0,0,,0,0,,0,0,,0,24,24,0,12,0,0,12,0
53,Jordan Bone\bonejo01,PG,22,DET,10,0,53,3.4,13.6,0.25,1.4,6.8,0.2,2,6.8,0.3,0,0,,0,2.7,2.7,5.4,0.7,0,1.4,4.1,8.2
54,Isaac Bonga\bongais01,SF,20,WAS,66,49,1250,3.4,6.7,0.504,0.7,2,0.352,2.7,4.7,0.571,2,2.4,0.812,2,4.3,6.4,2.2,1.3,0.6,1.7,4.5,9.5
55,Devin Booker\bookede01,SG,23,PHO,70,70,2512,9,18.4,0.489,2,5.7,0.354,7,12.7,0.549,6.7,7.3,0.919,0.4,3.8,4.3,6.5,0.7,0.3,3.8,3.1,26.7
56,Chris Boucher\bouchch01,PF,27,TOR,62,0,819,6.2,13.1,0.472,1.7,5.2,0.322,4.5,8,0.569,4,5.1,0.784,4.7,7.5,12.2,1.1,1,2.7,1.2,5,18.1
57,Brian Bowen\bowenbr02,SG,21,IND,6,1,31,3.5,11.6,0.3,0,2.3,0,3.5,9.3,0.375,0,0,,1.2,7,8.1,0,0,1.2,1.2,3.5,7
58,Ky Bowman\bowmaky01,PG,22,GSW,45,12,1015,4.8,11.4,0.417,1.2,3.8,0.308,3.6,7.6,0.472,1.2,1.5,0.829,0.9,3.4,4.3,4.6,1.6,0.4,2.5,3.6,11.9
59,Avery Bradley\bradlav01,SG,29,LAL,49,44,1186,5.2,11.6,0.444,1.9,5.3,0.364,3.2,6.4,0.51,0.6,0.7,0.833,0.5,2.9,3.5,1.9,1.3,0.2,1.4,3.3,12.8
60,Tony Bradley\bradlto01,C,22,UTA,58,3,663,6.8,10.3,0.667,0.2,0.2,1,6.7,10.1,0.661,1.6,2.5,0.652,6,8.5,14.5,1.2,0.8,1.8,1.6,6.2,15.5
61,Jarrell Brantley\brantja01,PF,23,UTA,9,0,96,3.7,10.5,0.357,1.1,4.9,0.231,2.6,5.6,0.467,0.4,0.7,0.5,0.7,6.8,7.5,4.1,1.1,1.9,2.6,2.6,9
62,Ignas Brazdeikis\brazdig01,SF,21,NYK,9,0,53,4.1,14.9,0.273,0.7,6.1,0.111,3.4,8.8,0.385,2.7,3.4,0.8,1.4,2,3.4,2.7,0,0.7,1.4,2,11.5
63,Corey Brewer\breweco01,SG,33,SAC,5,0,33,2.2,4.4,0.5,0,1.1,0,2.2,3.3,0.667,1.1,3.3,0.333,2.2,6.5,8.7,2.2,4.4,0,2.2,7.6,5.5
64,Mikal Bridges\bridgmi01,SF,23,PHO,73,32,2042,4.4,8.5,0.51,1.2,3.4,0.361,3.1,5.1,0.61,1.8,2.2,0.844,1.2,4,5.1,2.3,1.8,0.8,1.3,2.9,11.8
65,Miles Bridges\bridgmi02,SF,21,CHO,65,64,1995,5.8,13.6,0.424,1.8,5.4,0.33,4,8.2,0.486,1.9,2.4,0.809,1.6,4.9,6.5,2.1,0.7,0.9,1.7,2.4,15.2
66,Oshae Brissett\brissos01,SF,21,TOR,19,0,135,3.5,9.6,0.361,0.8,4,0.2,2.7,5.6,0.476,2.1,2.7,0.8,2.4,4.5,6.9,1.9,1.1,0.3,1.9,4.8,9.9
67,Ryan Broekhoff\broekry01,SG,29,DAL,17,1,180,4.4,11.8,0.373,4,10.2,0.392,0.4,1.6,0.25,1.4,1.6,0.875,1,7.6,8.6,2.2,1,0.8,1.2,3,14.2
68,Malcolm Brogdon\brogdma01,PG,27,IND,54,54,1666,7,16.1,0.438,1.6,5,0.326,5.4,11.1,0.488,3.6,4,0.892,1,4.7,5.7,8.2,0.8,0.2,2.8,2.1,19.3
69,Dillon Brooks\brookdi01,SG,24,MEM,73,73,2112,7.4,18.2,0.407,2.5,7,0.358,4.9,11.2,0.438,2.8,3.5,0.808,1.2,3,4.1,2.6,1.1,0.5,2.1,4.7,20.1
70,Bruce Brown\brownbr01,SG,23,DET,58,43,1634,4.4,9.8,0.443,0.7,2.1,0.344,3.6,7.7,0.47,1.9,2.6,0.739,1.3,4.7,6,5.1,1.4,0.6,2.2,3.6,11.4
71,Charlie Brown\brownch02,SG,22,ATL,10,0,40,5.4,17.1,0.316,2.7,8.1,0.333,2.7,9,0.3,4.5,4.5,1,1.8,1.8,3.6,1.8,1.8,1.8,2.7,2.7,18
72,Jaylen Brown\brownja02,SF,23,BOS,57,57,1934,7.9,16.5,0.481,2.4,6.3,0.382,5.5,10.2,0.543,3.3,4.5,0.724,1.2,5.6,6.8,2.2,1.2,0.4,2.3,3.1,21.6
73,Moses Brown\brownmo01,C,20,POR,9,0,33,4.4,10.9,0.4,0,0,,4.4,10.9,0.4,3.3,8.7,0.375,3.3,12,15.3,1.1,1.1,1.1,3.3,7.6,12
74,Sterling Brown\brownst02,SF,24,MIL,52,1,767,4.5,12,0.371,2.1,6.4,0.324,2.4,5.6,0.425,1.5,1.9,0.8,1.5,7.1,8.6,2.4,1.4,0.3,2,2.5,12.5
75,Troy Brown Jr.\browntr01,SG,20,WAS,69,22,1782,5.5,12.6,0.439,1.2,3.6,0.341,4.3,8.9,0.479,2.2,2.8,0.784,1.5,6.2,7.7,3.6,1.7,0.1,1.6,2.7,14.5
76,Jalen Brunson\brunsja01,PG,23,DAL,57,16,1022,6.4,13.7,0.466,1.5,4.2,0.358,4.9,9.4,0.515,2.1,2.6,0.813,0.8,3.9,4.7,6.6,0.8,0.1,2.3,2.6,16.4
77,Thomas Bryant\bryanth01,C,22,WAS,46,36,1147,7.6,13.1,0.581,1.2,2.9,0.407,6.5,10.3,0.63,2.7,3.6,0.741,3.1,7.3,10.4,2.6,0.8,1.5,1.7,3.2,19.1
78,Reggie Bullock\bullore01,SG,28,NYK,29,19,684,4.7,11.8,0.402,1.9,5.8,0.333,2.8,5.9,0.469,0.9,1.1,0.81,0.7,2.9,3.6,2.2,1.3,0.2,1,2.9,12.3
79,Trey Burke\burketr01,PG,27,TOT,33,1,520,6.5,14.5,0.45,2.2,5.2,0.427,4.3,9.3,0.463,1.6,2,0.793,1.1,2.4,3.5,5.7,1.1,0.1,1.5,2.3,16.8
79,Trey Burke\burketr01,PG,27,PHI,25,0,329,6.5,13.9,0.465,1.8,4.2,0.421,4.7,9.7,0.483,1.4,2,0.722,1.6,2.2,3.8,5.8,0.8,0.1,1.3,2.3,16.1
79,Trey Burke\burketr01,PG,27,DAL,8,1,191,6.6,15.5,0.427,3,7,0.432,3.6,8.5,0.422,1.9,2.1,0.909,0.2,2.6,2.8,5.7,1.7,0.2,1.7,2.3,18.1
80,Alec Burks\burksal01,SG,28,TOT,66,19,1754,6.6,15.8,0.418,2.4,6.2,0.385,4.2,9.6,0.439,4.8,5.4,0.887,1,4.8,5.8,3.9,1.3,0.3,1.9,2.6,20.4
80,Alec Burks\burksal01,SG,28,GSW,48,18,1390,6.3,15.6,0.406,2.2,5.8,0.375,4.1,9.8,0.424,5.2,5.8,0.897,1,4.9,5.9,3.9,1.3,0.4,2,2.8,20
80,Alec Burks\burksal01,SG,28,PHI,18,1,364,7.6,16.5,0.461,3.2,7.6,0.416,4.5,8.9,0.5,3.4,4.1,0.829,1.1,4.5,5.5,3.8,1.2,0,1.5,2.1,21.8
81,Deonte Burton\burtode02,SG,26,OKC,39,0,356,4.3,12.6,0.344,1,5.4,0.189,3.3,7.3,0.458,0.8,1.4,0.571,0.7,5.1,5.8,1.7,0.7,1,1.9,3.4,10.5
82,Jimmy Butler\butleji01,SF,30,MIA,58,58,1959,6.3,13.9,0.455,0.5,2.2,0.244,5.8,11.7,0.495,8,9.6,0.834,1.9,5.1,7.1,6.4,1.9,0.6,2.3,1.5,21.3
83,Bruno Caboclo\cabocbr01,C,24,TOT,30,0,244,5.6,13.1,0.427,0.9,4.9,0.182,4.7,8.3,0.571,1.2,1.3,0.889,3.4,5.5,8.9,1.8,2.2,2.5,1.9,4.6,13.3
83,Bruno Caboclo\cabocbr01,C,24,MEM,22,0,192,5.2,12.9,0.406,0.7,4.7,0.16,4.5,8.2,0.545,0.4,0.6,0.667,3.2,5.1,8.2,1.9,1.9,2.3,1.3,4.3,11.6
83,Bruno Caboclo\cabocbr01,C,24,HOU,8,0,52,6.9,13.8,0.5,1.4,5.5,0.25,5.5,8.3,0.667,4.2,4.2,1,4.2,6.9,11.1,1.4,3.5,3.5,4.2,5.5,19.4
84,Devontae Cacok\cacokde01,C,23,LAL,1,0,9,12,24,0.5,0,0,,12,24,0.5,0,0,,8,12,20,4,0,0,0,0,24
85,Kentavious Caldwell-Pope\caldwke01,SG,26,LAL,69,26,1762,4.8,10.4,0.467,1.9,4.9,0.385,3,5.5,0.541,1.6,2.1,0.775,0.8,2.1,2.9,2.3,1.2,0.3,1.3,2.6,13.2
86,Vlatko Čančar\cancavl01,SF,22,DEN,14,0,45,4.8,12,0.4,0.8,4.8,0.167,4,7.2,0.556,3.2,3.2,1,4,4,8,2.4,0.8,0.8,2.4,5.6,13.6
87,Clint Capela\capelca01,C,25,HOU,39,39,1279,6.9,10.9,0.629,0,0,,6.9,10.9,0.629,1.5,2.9,0.529,4.7,10.4,15.1,1.4,0.9,2,1.8,2.9,15.3
88,DeMarre Carroll\carrode01,SF-PF,33,TOT,24,0,290,3.1,8.2,0.379,1,4.1,0.242,2.1,4.1,0.515,3.6,5.2,0.69,1.5,5.3,6.8,3.1,1,0.6,2.1,4,10.8
88,DeMarre Carroll\carrode01,SF,33,SAS,15,0,135,2.4,7.7,0.31,0.8,3.5,0.231,1.6,4.3,0.375,3.2,5.3,0.6,1.9,6.4,8.3,2.9,0.5,0.5,2.7,5.3,8.8
88,DeMarre Carroll\carrode01,PF,33,HOU,9,0,155,3.7,8.6,0.432,1.2,4.6,0.25,2.6,3.9,0.647,3.9,5.1,0.773,1.2,4.4,5.6,3.3,1.4,0.7,1.6,2.8,12.5
89,Jevon Carter\carteje01,PG,24,PHO,58,2,945,3.8,9.3,0.416,2.4,5.6,0.425,1.5,3.7,0.402,0.9,1,0.852,1.1,3.4,4.5,3.2,1.8,0.6,1.2,3.3,10.9
90,Vince Carter\cartevi01,SF,43,ATL,60,0,876,4.4,12.5,0.352,2.5,8.3,0.302,1.9,4.2,0.451,0.9,1.2,0.793,0.7,4.4,5.1,2,0.9,1,1.4,3.7,12.2
91,Wendell Carter Jr.\cartewe01,C,20,CHI,43,43,1256,5.2,9.8,0.534,0.2,0.8,0.207,5.1,9,0.564,3.2,4.4,0.737,4,7.6,11.6,1.5,0.9,1,2.1,4.6,13.9
92,Michael Carter-Williams\cartemi01,SG,28,ORL,45,0,833,4.8,11.2,0.427,1,3.2,0.293,3.8,8,0.481,3.4,4.1,0.832,2,4.4,6.4,4.7,2.1,1,2.2,3.8,14
93,Alex Caruso\carusal01,PG,25,LAL,64,2,1175,3.7,8.9,0.412,1.2,3.7,0.333,2.5,5.2,0.468,2.1,2.9,0.734,0.5,3.2,3.8,3.8,2.1,0.6,1.6,3,10.7
94,Willie Cauley-Stein\caulewi01,C,26,TOT,54,39,1097,5.7,9.9,0.579,0,0,0,5.7,9.9,0.581,1.3,2.2,0.606,2.8,7.6,10.3,2.3,1.6,2,1.3,4,12.8
94,Willie Cauley-Stein\caulewi01,C,26,GSW,41,37,940,5.5,9.8,0.56,0,0,,5.5,9.8,0.56,1.3,2.2,0.614,2.7,7,9.8,2.3,1.7,1.9,1.3,3.9,12.4
94,Willie Cauley-Stein\caulewi01,C,26,DAL,13,2,157,7.1,10.3,0.689,0,0.2,0,7.1,10.1,0.705,1.1,2.1,0.556,3,10.8,13.8,2.3,0.9,2.5,1.1,4.4,15.4
95,Tyson Chandler\chandty01,C,37,HOU,26,5,219,2.3,3,0.778,0,0,,2.3,3,0.778,1,2.1,0.462,4.1,6.7,10.8,1,1,1.3,1.3,5.3,5.6
96,Wilson Chandler\chandwi01,SF,32,BRK,35,3,734,3.6,9,0.404,1.8,5.9,0.306,1.8,3,0.597,1,1.1,0.87,0.5,6.6,7.1,1.9,0.8,0.6,1.7,3.9,10.1
97,Joe Chealey\chealjo01,PG,24,CHO,4,0,33,0,7.6,0,0,4.4,0,0,3.3,0,2.2,2.2,1,0,0,0,1.1,4.4,0,2.2,2.2,2.2
98,Zylan Cheatham\cheatzy01,SF,24,NOP,4,0,51,4.2,6.4,0.667,0,0.7,0,4.2,5.6,0.75,0,0,,2.1,4.2,6.4,2.1,0.7,0.7,2.8,7.1,8.5
99,Chris Chiozza\chiozch01,PG,24,TOT,28,2,401,4.9,12.6,0.393,2.4,6.5,0.375,2.5,6.1,0.412,0.4,0.4,1,0.8,4,4.8,7.5,1.9,0.4,2.9,3.3,12.7
99,Chris Chiozza\chiozch01,PG,24,WAS,10,0,123,2.9,10,0.294,2,4.7,0.438,0.9,5.3,0.167,0,0,,0,4.4,4.4,8.2,2.9,0.6,2.6,3.5,7.9
99,Chris Chiozza\chiozch01,PG,24,BRK,18,2,278,5.8,13.7,0.425,2.6,7.3,0.357,3.2,6.5,0.5,0.6,0.6,1,1.2,3.8,4.9,7.1,1.4,0.3,3,3.2,14.9
100,Marquese Chriss\chrisma01,PF,22,GSW,59,21,1196,6.3,11.6,0.545,0.2,1.2,0.205,6.1,10.4,0.584,3.6,4.7,0.769,3.4,7.6,11,3.4,1.2,1.9,2.3,3.7,16.5
101,Gary Clark\clarkga01,PF,25,TOT,42,5,567,3.4,8.4,0.406,2.5,7,0.351,1,1.4,0.682,0.6,0.6,0.9,2.3,4.6,7,1.1,0.4,1.4,0.6,2.9,9.9
101,Gary Clark\clarkga01,PF,25,HOU,18,0,212,3.9,10,0.39,3.1,8.7,0.353,0.8,1.4,0.625,1,1.2,0.857,1.9,4.9,6.8,2,0.3,1.2,0.3,3.6,11.9
101,Gary Clark\clarkga01,PF,25,ORL,24,5,355,3.1,7.5,0.419,2.1,6.1,0.35,1,1.4,0.714,0.3,0.3,1,2.6,4.5,7.1,0.5,0.4,1.5,0.8,2.5,8.7
102,Brandon Clarke\clarkbr01,PF,23,MEM,58,4,1300,8.2,13.3,0.618,0.6,1.8,0.359,7.6,11.5,0.658,2.4,3.1,0.759,2.5,7,9.6,2.2,0.9,1.3,1.5,2.8,19.4
103,Jordan Clarkson\clarkjo01,SG,27,TOT,71,2,1705,8.3,18.3,0.454,3.2,8.7,0.368,5.1,9.6,0.533,2.9,3.5,0.836,1.1,2.9,3.9,2.9,1,0.3,2,2.3,22.8
103,Jordan Clarkson\clarkjo01,SG,27,CLE,29,0,666,7.8,17.6,0.442,3.2,8.6,0.371,4.6,9,0.509,4.1,4.6,0.884,1.1,2.6,3.7,3.8,0.9,0.4,2.1,1.8,22.9
103,Jordan Clarkson\clarkjo01,SG,27,UTA,42,2,1039,8.7,18.7,0.462,3.2,8.8,0.366,5.4,9.9,0.547,2.1,2.7,0.785,1,3.1,4.1,2.3,1,0.3,2,2.6,22.7
104,Nicolas Claxton\claxtni01,PF,20,BRK,15,0,187,5.2,9.2,0.563,0.2,1.3,0.143,5,7.9,0.634,2.1,4,0.524,3.7,4.8,8.5,3.1,0.2,1.5,1.7,2.7,12.7
105,Chris Clemons\clemoch01,SG,22,HOU,33,0,291,7.1,17.6,0.401,4.6,13.2,0.346,2.5,4.3,0.571,1.2,1.4,0.909,0.5,3.2,3.7,3.3,1.1,0.7,2.4,3.2,19.9
106,Antonius Cleveland\clevean01,SG,25,DAL,11,0,46,3.1,11,0.286,0,2.3,0,3.1,8.6,0.364,2.3,3.9,0.6,1.6,3.9,5.5,0.8,0.8,2.3,1.6,6.3,8.6
107,Amir Coffey\coffeam01,SG,22,LAC,18,1,159,5.2,12.2,0.426,1.4,4.3,0.316,3.8,7.9,0.486,1.4,2.5,0.545,0.9,2.7,3.6,3.2,1.1,0.5,1.8,4.5,13.1
108,John Collins\collijo01,PF,22,ATL,41,41,1363,9.3,16,0.583,1.6,3.9,0.401,7.8,12.1,0.642,3.2,4,0.8,3.1,7.9,11,1.6,0.8,1.7,2,3.6,23.4
109,Zach Collins\colliza01,PF,22,POR,11,11,290,4,8.4,0.471,0.9,2.4,0.368,3.1,6.1,0.51,0.7,1,0.75,3.1,5.5,8.6,2,0.6,0.6,1.7,4.5,9.6
110,Mike Conley\conlemi01,PG,32,UTA,47,41,1363,6.1,15,0.409,2.5,6.8,0.375,3.6,8.2,0.437,3,3.7,0.827,0.9,3.1,4,5.5,1,0.1,2.4,2.7,17.8
111,Pat Connaughton\connapa01,SG,27,MIL,67,4,1243,4,8.7,0.455,1.6,4.8,0.331,2.4,3.9,0.607,0.9,1.2,0.775,1.7,6.5,8.2,3.1,0.7,0.9,1.5,2,10.4
112,Quinn Cook\cookqu01,PG,26,LAL,44,1,508,6.4,15.2,0.425,2.2,6,0.365,4.3,9.1,0.465,0.8,1,0.786,0.8,2.8,3.6,3.5,0.9,0.1,2.3,1.9,15.9
113,Tyler Cook\cookty01,PF,22,TOT,13,0,54,5.3,8,0.667,0,0,,5.3,8,0.667,4.7,5.3,0.875,4,5.3,9.3,0.7,2,0,2,3.3,15.3
113,Tyler Cook\cookty01,PF,22,CLE,11,0,35,7.2,10.3,0.7,0,0,,7.2,10.3,0.7,5.1,6.2,0.833,4.1,6.2,10.3,1,1,0,1,4.1,19.5
113,Tyler Cook\cookty01,PF,22,DEN,2,0,19,1.9,3.8,0.5,0,0,,1.9,3.8,0.5,3.8,3.8,1,3.8,3.8,7.6,0,3.8,0,3.8,1.9,7.6
114,Robert Covington\covinro01,PF-C,29,TOT,70,68,2137,5.1,12.2,0.422,2.7,8.1,0.335,2.4,4.1,0.593,1.7,2.1,0.798,1.1,6.7,7.8,1.5,1.9,1.6,1.7,3.7,14.7
114,Robert Covington\covinro01,PF,29,MIN,48,47,1411,5.5,12.7,0.435,2.8,8,0.346,2.8,4.7,0.587,1.9,2.4,0.798,0.9,6.4,7.3,1.4,2,1.1,1.9,3.8,15.7
114,Robert Covington\covinro01,C,29,HOU,22,21,726,4.4,11.3,0.392,2.6,8.3,0.315,1.8,2.9,0.61,1.2,1.5,0.8,1.3,7.4,8.7,1.6,1.7,2.4,1.5,3.6,12.6
115,Allen Crabbe\crabbal01,SG,27,TOT,37,1,653,3.5,9.8,0.356,2,6.6,0.303,1.5,3.2,0.466,0.6,0.8,0.714,0.6,3.6,4.2,1.8,0.8,0.2,0.9,2.6,9.5
115,Allen Crabbe\crabbal01,SG,27,ATL,28,1,522,3.6,9.9,0.364,2.1,6.4,0.323,1.5,3.4,0.44,0.6,0.8,0.75,0.7,3.8,4.5,1.9,1,0.3,0.8,2.5,9.9
115,Allen Crabbe\crabbal01,SG,27,MIN,9,0,131,3,9.3,0.324,1.6,7.1,0.231,1.4,2.2,0.625,0.3,0.5,0.5,0.3,3,3.3,1.4,0,0,1.4,3,8
116,Torrey Craig\craigto01,SF,29,DEN,58,27,1072,4.2,9,0.461,1.5,4.6,0.326,2.7,4.4,0.603,0.7,1.2,0.611,2.1,4.2,6.3,1.6,0.8,1.2,0.8,4.5,10.6
117,Jamal Crawford\crawfja01,SG,39,BRK,1,0,6,12,24,0.5,6,12,0.5,6,12,0.5,0,0,,0,0,0,18,0,0,0,6,30
118,Jae Crowder\crowdja01,SF,29,TOT,65,53,1875,4.3,10.8,0.401,2.6,7.6,0.343,1.7,3.2,0.538,1.9,2.4,0.776,1,6.4,7.4,3.1,1.4,0.5,1.3,2.7,13.1
118,Jae Crowder\crowdja01,SF,29,MEM,45,45,1322,4,10.9,0.368,2.1,7.2,0.293,1.9,3.6,0.519,2,2.6,0.789,1.1,6.5,7.5,3.4,1.3,0.4,1.5,2.3,12.2
118,Jae Crowder\crowdja01,SF,29,MIA,20,8,553,5.1,10.7,0.482,3.7,8.3,0.445,1.4,2.3,0.611,1.4,2,0.733,0.8,6.2,7,2.3,1.6,0.7,1,3.8,15.4
119,Jarrett Culver\culveja01,SG,20,MIN,63,35,1506,5.5,13.6,0.404,1.6,5.3,0.299,3.9,8.3,0.471,1.3,2.8,0.462,1.7,3.4,5.1,2.6,1.4,0.9,1.9,3,13.9
120,Seth Curry\curryse01,SG,29,DAL,64,25,1576,6.5,13.1,0.495,3.3,7.3,0.452,3.2,5.8,0.549,1.8,2.2,0.825,0.6,2.7,3.3,2.8,0.9,0.2,1.4,2.6,18.1
121,Stephen Curry\curryst01,PG,31,GSW,5,5,139,8.5,21.2,0.402,3.1,12.7,0.245,5.4,8.5,0.636,6.7,6.7,1,1,5.7,6.7,8.5,1.3,0.5,4.1,2.8,26.9
122,Troy Daniels\danietr01,SG,28,TOT,47,0,532,4.9,12.6,0.387,3.1,8.9,0.348,1.8,3.7,0.481,0.7,1.1,0.625,0.8,2.7,3.5,1.2,0.7,0.2,0.8,2.5,13.5
122,Troy Daniels\danietr01,SG,28,LAL,41,0,456,4.9,12.5,0.392,3.2,8.8,0.357,1.7,3.6,0.478,0.8,1.3,0.625,0.9,2.7,3.6,1.1,0.6,0.2,0.7,2.4,13.7
122,Troy Daniels\danietr01,SG,28,DEN,6,0,76,4.7,13.3,0.357,2.8,9.5,0.3,1.9,3.8,0.5,0,0,,0,2.8,2.8,1.4,1.4,0,1.4,3.3,12.3
123,Anthony Davis\davisan02,PF,26,LAL,62,62,2131,9.3,18.5,0.503,1.2,3.7,0.33,8.1,14.8,0.546,7.5,8.9,0.846,2.4,7.3,9.7,3.4,1.5,2.4,2.6,2.6,27.3
124,Ed Davis\davised01,C,30,UTA,28,1,303,2.6,5.5,0.478,0,0,,2.6,5.5,0.478,0.8,1.7,0.5,4.2,8.3,12.5,1.4,1.3,1.1,1.5,7.2,6.1
125,Terence Davis\daviste02,SG,22,TOR,72,4,1209,5.9,13,0.456,2.8,7.2,0.388,3.1,5.8,0.541,1.5,1.8,0.864,1.5,5.6,7.1,3.4,1.2,0.4,2.3,3.7,16.2
126,Dewayne Dedmon\dedmode01,C,30,TOT,44,18,774,4.7,11.9,0.4,1,5,0.206,3.7,6.9,0.541,1.4,1.7,0.833,2.8,8.8,11.6,1,1.2,1.9,2.7,6.2,11.9
126,Dewayne Dedmon\dedmode01,C,30,SAC,34,10,541,4.6,11.4,0.404,0.9,4.7,0.197,3.7,6.7,0.55,1.5,1.9,0.821,3.1,8.1,11.1,1,1,1.7,3.1,6.2,11.6
126,Dewayne Dedmon\dedmode01,C,30,ATL,10,8,233,5.1,13,0.393,1.2,5.6,0.222,3.9,7.4,0.521,1.1,1.2,0.875,2.2,10.5,12.7,1.1,1.5,2.3,1.5,6.2,12.5
127,Matthew Dellavedova\dellama01,PG,29,CLE,57,4,821,2.7,7.7,0.354,0.9,4,0.231,1.8,3.7,0.488,1.4,1.6,0.865,0.8,2.5,3.3,7.9,0.9,0.1,2.6,3.4,7.8
128,DeMar DeRozan\derozde01,SF,30,SAS,68,68,2316,8.7,16.3,0.531,0.1,0.5,0.257,8.5,15.8,0.54,5.9,7,0.845,0.7,5.1,5.8,5.9,1.1,0.3,2.5,2.8,23.4
129,Cheick Diallo\diallch01,C,23,PHO,47,2,479,6.9,10.7,0.648,0.1,0.2,0.333,6.8,10.4,0.655,2.6,2.9,0.872,2.3,7.6,9.8,1.7,0.8,0.9,2.4,4.1,16.5
130,Hamidou Diallo\diallha01,SF,21,OKC,46,3,896,5.3,11.9,0.446,0.6,2.3,0.281,4.7,9.6,0.485,1.5,2.5,0.603,1.8,4.9,6.7,1.4,1.5,0.4,2,4.1,12.8
131,Gorgui Dieng\dienggo01,C,30,TOT,63,17,1096,5.5,12,0.456,1.8,5,0.355,3.7,7,0.528,2.6,3.3,0.772,3,8.6,11.6,2.4,1.7,1.9,2,4.1,15.2
131,Gorgui Dieng\dienggo01,C,30,MIN,46,17,778,5.7,12.8,0.448,2.1,5.6,0.383,3.6,7.3,0.497,2.2,2.7,0.797,3.4,8.5,11.8,2.7,1.7,1.9,2,4.1,15.8
131,Gorgui Dieng\dienggo01,C,30,MEM,17,0,318,4.8,9.8,0.483,0.9,3.6,0.25,3.8,6.2,0.618,3.5,4.8,0.738,2,9.1,11.1,1.7,1.6,1.9,1.8,4,13.9
132,Spencer Dinwiddie\dinwisp01,SG,26,BRK,64,49,1994,7.7,18.4,0.415,2.2,7.2,0.308,5.4,11.2,0.485,6.3,8.1,0.778,0.6,3.4,4,7.8,0.7,0.4,3.1,3.2,23.8
133,Donte DiVincenzo\divindo01,SG,23,MIL,66,24,1520,5.5,12.1,0.455,2,5.9,0.336,3.5,6.2,0.567,1.5,2,0.733,1.6,6,7.5,3.6,2,0.5,2.1,2.7,14.4
134,Luka Dončić\doncilu01,PG,20,DAL,61,61,2047,10.2,22.1,0.463,3,9.5,0.316,7.2,12.6,0.574,7.5,9.9,0.758,1.4,8.7,10.1,9.5,1.1,0.2,4.6,2.7,30.9
135,Luguentz Dort\dortlu01,SG,20,OKC,36,28,820,3.8,9.6,0.394,1.3,4.4,0.297,2.5,5.1,0.479,1.8,2.3,0.792,1.1,2.5,3.6,1.2,1.4,0.2,1,4.3,10.7
136,Damyean Dotson\dotsoda01,SG,25,NYK,48,0,836,5.2,12.5,0.414,2.5,7,0.362,2.6,5.5,0.48,0.9,1.4,0.667,0.4,3.5,3.9,2.5,1,0.2,0.9,1.9,13.8
137,Sekou Doumbouya\doumbse01,SF,19,DET,38,19,754,4.4,11.3,0.39,1.3,4.7,0.286,3.1,6.6,0.464,1.5,2.2,0.674,1,4.7,5.6,0.9,1,0.4,1.7,3.8,11.6
138,PJ Dozier\doziepj01,PG,23,DEN,29,0,412,5.7,13.7,0.414,1.5,4.3,0.347,4.2,9.4,0.444,1.8,2.5,0.724,0.9,3.9,4.8,5.5,1.2,0.5,2.4,3.9,14.7
139,Goran Dragić\dragigo01,PG,33,MIA,59,3,1663,6.9,15.7,0.441,2.7,7.3,0.367,4.2,8.4,0.505,4.1,5.3,0.776,0.6,3.4,4,6.5,0.9,0.2,3.1,2.7,20.6
140,Andre Drummond\drumman01,C,26,TOT,57,56,1879,8,15,0.533,0.1,0.7,0.143,7.9,14.4,0.551,3.2,5.6,0.575,4.8,11.8,16.6,2.9,2.1,1.8,3.9,3.9,19.4
140,Andre Drummond\drumman01,C,26,DET,49,48,1654,7.8,14.8,0.53,0,0.5,0.048,7.8,14.3,0.546,3.2,5.6,0.584,4.9,11.9,16.9,3,2.1,1.8,3.8,3.8,18.9
140,Andre Drummond\drumman01,C,26,CLE,8,8,225,9.3,16.8,0.552,0.6,2.2,0.286,8.6,14.6,0.593,3.2,6.2,0.513,3.8,10.4,14.2,2.2,1.9,1.8,4.6,4,22.4
141,Jared Dudley\dudleja01,SF,34,LAL,45,1,364,2.4,5.9,0.4,1.8,4.2,0.429,0.6,1.8,0.333,0.2,0.2,1,0.6,4.5,5.1,2.8,1.5,0.3,0.8,4.1,6.7
142,Kris Dunn\dunnkr01,PG,25,CHI,51,32,1269,4.3,9.7,0.444,0.8,3.2,0.259,3.5,6.5,0.535,1.1,1.5,0.741,0.7,4.6,5.3,4.9,2.9,0.5,1.9,4.5,10.6
143,Carsen Edwards\edwarca01,SG,21,BOS,37,0,351,4.3,13.1,0.328,2.5,7.8,0.316,1.8,5.3,0.346,1.3,1.9,0.684,0.6,4.2,4.8,2.5,1.2,0.4,1.5,3.5,12.4
144,Henry Ellenson\ellenhe01,PF,23,BRK,5,0,15,2.4,16.8,0.143,0,9.6,0,2.4,7.2,0.333,0,0,,4.8,9.6,14.4,2.4,0,0,0,2.4,4.8
145,Wayne Ellington\ellinwa01,SG,32,NYK,36,1,558,3.9,11.2,0.351,3.2,9.2,0.35,0.7,2,0.355,0.7,0.8,0.846,0.3,3.9,4.2,2.8,0.8,0.3,1.2,2.6,11.8
146,Joel Embiid\embiijo01,C,25,PHI,51,51,1506,9.1,19.1,0.477,1.4,4.1,0.331,7.8,15,0.517,8.4,10.4,0.807,3.4,10.8,14.2,3.6,1.1,1.6,3.8,4.2,28
147,James Ennis\ennisja01,SF,29,TOT,69,18,1265,4.6,10.2,0.446,1.6,4.8,0.325,3,5.4,0.553,2.2,2.8,0.806,2,5,7,1.8,1,0.6,1.7,3.9,12.9
147,James Ennis\ennisja01,SF,29,PHI,49,0,776,4.6,10.5,0.442,1.7,4.9,0.349,2.9,5.6,0.525,2.2,2.8,0.787,2.2,4.7,7,1.9,1.1,0.6,1.4,3.9,13.2
147,James Ennis\ennisja01,SF,29,ORL,20,18,489,4.4,9.8,0.451,1.3,4.6,0.286,3.1,5.2,0.6,2.3,2.7,0.838,1.7,5.3,7,1.6,0.9,0.6,2,3.8,12.4
148,Drew Eubanks\eubandr01,PF,22,SAS,22,3,272,5.7,8.9,0.642,0.1,0.1,1,5.6,8.7,0.636,2.6,3.4,0.769,3.7,7.5,11.3,2,0.7,2.3,2.8,4.9,14.2
149,Jacob Evans\evansja02,SG,22,TOT,29,1,418,3.9,11.5,0.336,1.1,3.4,0.333,2.8,8.2,0.337,2.2,2.5,0.862,0.8,2.8,3.5,2.7,0.9,1,2.2,3.5,11
149,Jacob Evans\evansja02,SG,22,GSW,27,1,414,3.9,11.6,0.338,1.1,3.3,0.342,2.8,8.3,0.337,2.2,2.5,0.862,0.8,2.8,3.6,2.7,1,1,2.2,3.6,11.1
149,Jacob Evans\evansja02,SG,22,MIN,2,0,4,0,9,0,0,9,0,0,0,,0,0,,0,0,0,0,0,0,0,0,0
150,Dante Exum\exumda01,SG,24,TOT,35,1,485,4.2,8.8,0.471,1.1,3.2,0.349,3,5.6,0.539,2.4,3.2,0.744,0.9,4.1,5,3,1,0.6,2.3,2.8,11.8
150,Dante Exum\exumda01,SG,24,UTA,11,0,83,4.3,10,0.435,0.9,2.6,0.333,3.5,7.4,0.471,0.9,0.9,1,1.3,3.9,5.2,3,0.4,0.9,4.3,3.5,10.4
150,Dante Exum\exumda01,SG,24,CLE,24,1,402,4.1,8.6,0.479,1.2,3.3,0.351,3,5.3,0.559,2.7,3.7,0.732,0.8,4.1,4.9,3,1.1,0.5,1.9,2.7,12.1
151,Tacko Fall\fallta01,C,24,BOS,7,0,33,12,15.3,0.786,0,0,,12,15.3,0.786,1.1,3.3,0.333,1.1,15.3,16.4,1.1,1.1,4.4,3.3,7.6,25.1
152,Derrick Favors\favorde01,C,28,NOP,51,49,1243,6.1,9.8,0.617,0,0.2,0.143,6,9.6,0.627,1.2,2.1,0.563,4.7,9.8,14.5,2.3,0.9,1.3,1.6,3.1,13.3
153,Cristiano Felício\feliccr01,PF,27,CHI,22,0,386,3.2,5,0.63,0,0.2,0,3.2,4.8,0.654,1.7,2.1,0.783,5.1,4.4,9.5,1.5,0.9,0.2,1.7,3.2,8
154,Terrance Ferguson\fergute01,SF,21,OKC,56,38,1257,2.2,6.3,0.355,1.4,4.8,0.292,0.8,1.5,0.558,0.4,0.6,0.75,0.7,1.5,2.1,1.5,0.8,0.5,0.9,4.4,6.3
155,Bruno Fernando\fernabr01,C,21,ATL,56,13,713,5.2,10,0.518,0.3,1.9,0.135,4.9,8.2,0.605,1.5,2.6,0.569,3.4,6.6,10,2.5,0.9,0.9,2.1,5.4,12.1
156,Yogi Ferrell\ferreyo01,PG,26,SAC,50,0,530,5.4,12.8,0.42,1.6,5.4,0.304,3.7,7.4,0.505,2.4,2.9,0.857,0.4,2.9,3.3,4.7,1.2,0.3,1.9,2.6,14.8
157,Dorian Finney-Smith\finnedo01,PF,26,DAL,71,68,2120,4.1,8.9,0.466,1.9,5.1,0.376,2.2,3.7,0.589,1.3,1.8,0.722,2.5,4.4,6.9,1.9,0.8,0.7,1.2,3,11.5
158,Bryn Forbes\forbebr01,SG,26,SAS,63,62,1579,5.5,13.2,0.417,3.4,8.7,0.388,2.1,4.6,0.47,1.7,2.1,0.833,0.3,2.6,2.9,2.5,0.8,0,1.3,2.6,16.1
159,Evan Fournier\fournev01,SG,27,ORL,66,66,2076,7.5,16.1,0.467,3,7.5,0.399,4.5,8.6,0.527,3.1,3.8,0.818,0.3,2.7,3,3.6,1.2,0.3,2.2,2.8,21.2
160,De'Aaron Fox\foxde01,PG,22,SAC,51,49,1634,8.6,18,0.48,1.2,4.1,0.292,7.4,13.9,0.535,5.3,7.5,0.705,0.8,3.5,4.3,7.7,1.6,0.6,3.5,3.2,23.7
161,Melvin Frazier\frazime01,SG,23,ORL,19,0,126,4.3,9.7,0.441,2.3,4.6,0.5,2,5.1,0.389,0.6,1.1,0.5,0.6,2.3,2.9,0.9,2.6,0.6,1.4,3.1,11.4
162,Michael Frazier\frazimi01,SG,25,HOU,13,0,145,1.7,7.2,0.241,1,5.7,0.174,0.7,1.5,0.5,2.2,3.5,0.643,0.2,2.2,2.5,0.5,0.5,0,1.2,5.5,6.7
163,Tim Frazier\fraziti01,PG,29,DET,27,11,355,3.4,9.5,0.362,1,3,0.333,2.4,6.5,0.375,1.9,2.4,0.792,0.9,2.4,3.3,9.4,1.4,0.4,3.7,4.3,9.8
164,Markelle Fultz\fultzma01,PG,21,ORL,72,60,1996,6.5,13.9,0.465,0.6,2.4,0.267,5.8,11.5,0.507,2.1,2.9,0.73,0.7,3.6,4.3,6.7,1.6,0.2,2.7,2.6,15.7
165,Wenyen Gabriel\gabriwe01,PF,22,TOT,30,1,235,3.2,7.4,0.438,0.9,3.1,0.3,2.3,4.3,0.536,2.3,3.4,0.682,3.2,4.7,8,1.2,1.7,1.1,2.5,6,9.7
165,Wenyen Gabriel\gabriwe01,PF,22,SAC,11,0,61,3.5,10,0.353,0.6,4.7,0.125,3,5.3,0.556,3.5,5.9,0.6,2.4,3.5,5.9,1.8,1.8,1.2,3,4.1,11.2
165,Wenyen Gabriel\gabriwe01,PF,22,POR,19,1,174,3.1,6.4,0.484,1,2.5,0.417,2.1,3.9,0.526,1.9,2.5,0.75,3.5,5.2,8.7,1,1.7,1,2.3,6.6,9.1
166,Daniel Gafford\gaffoda01,C,21,CHI,43,7,609,5.6,7.9,0.701,0,0,,5.6,7.9,0.701,1.9,3.5,0.533,3.1,3.2,6.3,1.2,0.8,3.3,1.7,5.8,13
167,Danilo Gallinari\gallida01,PF,31,OKC,62,62,1834,7,16,0.438,3.5,8.6,0.405,3.5,7.4,0.476,5.2,5.8,0.893,0.7,5.7,6.3,2.3,0.8,0.1,1.5,1.5,22.8
168,Langston Galloway\gallola01,SG,28,DET,66,6,1702,5,11.5,0.435,2.8,7,0.399,2.2,4.5,0.493,1.5,1.8,0.859,0.7,2.5,3.2,2.1,1,0.2,0.8,2,14.3
169,Darius Garland\garlada01,PG,20,CLE,59,59,1824,5.5,13.8,0.401,2.1,5.8,0.355,3.5,8,0.434,1.2,1.4,0.875,0.5,1.7,2.2,4.5,0.8,0.1,3,1.8,14.4
170,Marc Gasol\gasolma01,C,35,TOR,44,43,1161,3.7,8.7,0.427,1.8,4.6,0.385,1.9,4.1,0.473,1.1,1.5,0.735,1,7.6,8.5,4.6,1.1,1.2,1.8,3.8,10.3
171,Rudy Gay\gayru01,PF,33,SAS,67,5,1461,6.6,14.7,0.446,1.8,5.4,0.336,4.7,9.3,0.511,3,3.4,0.882,1.5,7.4,8.9,2.8,0.9,0.8,2.2,2.5,17.9
172,Paul George\georgpa01,SF,29,LAC,48,48,1419,8.7,19.8,0.439,4,9.7,0.412,4.7,10.2,0.464,4.8,5.5,0.876,0.6,6.3,6.9,4.7,1.7,0.5,3.2,2.9,26.2
173,Taj Gibson\gibsota01,C,34,NYK,62,56,1025,5.9,10,0.584,0.1,0.5,0.286,5.7,9.6,0.599,1.4,2,0.732,3.9,5.5,9.4,1.8,0.9,1.1,1.7,4.3,13.3
174,Harry Giles\gilesha01,PF,21,SAC,46,17,667,7.5,13.5,0.554,0,0.1,0,7.5,13.4,0.558,2.1,2.6,0.776,2.3,7.8,10.1,3.2,1.2,1,2.4,6.4,17.1
175,Shai Gilgeous-Alexander\gilgesh01,SG,21,OKC,70,70,2428,7.1,15,0.471,1.3,3.7,0.347,5.8,11.3,0.512,4.3,5.3,0.807,0.7,5.4,6.1,3.4,1.2,0.7,2,1.7,19.7
176,Rudy Gobert\goberru01,C,27,UTA,68,68,2333,6,8.6,0.693,0,0,,6,8.6,0.693,3.9,6.2,0.63,3.5,10.6,14.1,1.6,0.8,2.1,2,3.3,15.8
177,Brandon Goodwin\goodwbr01,PG,24,ATL,34,1,430,6.4,15.9,0.4,2.2,7.3,0.299,4.2,8.6,0.485,2.3,2.5,0.933,0.9,5.1,6,4.3,1,0.3,2.4,3.6,17.2
178,Aaron Gordon\gordoaa01,PF,24,ORL,62,62,2017,6,13.7,0.437,1.3,4.2,0.308,4.7,9.5,0.494,2.7,4,0.674,1.9,6.6,8.5,4.1,0.9,0.7,1.8,2.2,16
179,Eric Gordon\gordoer01,SF,31,HOU,36,15,1016,6.1,16.4,0.369,3.4,10.7,0.317,2.7,5.7,0.469,2.9,3.8,0.766,0.3,2.2,2.5,1.9,0.8,0.5,1.5,2.5,18.4
180,Devonte' Graham\grahade01,PG,24,CHO,63,53,2211,6,15.7,0.382,3.5,9.5,0.373,2.4,6.2,0.397,3.1,3.8,0.82,0.7,2.8,3.5,7.7,1,0.2,2.9,1.9,18.6
181,Treveon Graham\grahatr01,SG,26,TOT,55,20,929,3.4,9.4,0.36,1.3,4.7,0.275,2.1,4.7,0.443,1.4,2.2,0.643,2,3.8,5.8,1.7,0.9,0.2,1.1,4,9.4
181,Treveon Graham\grahatr01,SG,26,MIN,33,20,663,3.4,9.5,0.354,1.1,4.5,0.241,2.3,5,0.457,1.5,2,0.73,1.6,3.9,5.4,1.6,0.9,0.1,1,3.6,9.3
181,Treveon Graham\grahatr01,SG,26,ATL,22,0,266,3.4,9.1,0.373,1.8,5,0.351,1.6,4.1,0.4,1.2,2.6,0.474,3,3.8,6.8,2,0.9,0.5,1.4,4.9,9.7
182,Jerami Grant\grantje01,PF,25,DEN,71,24,1892,5.8,12.1,0.478,1.9,4.8,0.389,3.9,7.3,0.537,2.8,3.7,0.75,1.1,3.6,4.7,1.7,1,1.1,1.2,2.9,16.2
183,Jerian Grant\grantje02,PG,27,WAS,6,0,80,4.5,12.2,0.37,0.9,3.6,0.25,3.6,8.6,0.421,2.3,3.2,0.714,0.9,1.8,2.7,4.1,0.5,0.5,1.4,5,12.2
184,Josh Gray\grayjo01,PG,26,NOP,2,0,23,1.6,3.1,0.5,0,0,,1.6,3.1,0.5,0,0,,1.6,1.6,3.1,3.1,0,0,7.8,1.6,3.1
185,Danny Green\greenda02,SG,32,LAL,68,68,1687,4.2,10.1,0.416,2.6,7,0.367,1.6,3.1,0.524,0.7,1,0.688,1.1,3.7,4.8,1.9,1.8,0.7,1.3,2.9,11.7
186,Draymond Green\greendr01,PF,29,GSW,43,43,1222,3.6,9.3,0.389,1.1,3.8,0.279,2.6,5.5,0.465,1.9,2.4,0.759,0.7,7.2,7.8,7.8,1.7,1,2.9,3.2,10.2
187,JaMychal Green\greenja01,PF,29,LAC,63,1,1307,4.2,9.7,0.429,2.5,6.6,0.387,1.6,3.1,0.518,1,1.3,0.75,2.1,8.6,10.7,1.3,0.8,0.7,1.5,4.8,11.8
188,Javonte Green\greenja02,SF,26,BOS,48,2,468,4.8,9.7,0.5,0.7,2.5,0.273,4.2,7.2,0.581,2.2,3.2,0.667,1.8,5.3,7.2,2,1.8,0.6,1.8,3.3,12.5
189,Jeff Green\greenje02,PF-C,33,TOT,48,4,960,6,12.9,0.462,2.3,6.9,0.339,3.6,6,0.602,2.7,3.4,0.802,0.9,4.1,5,1.9,1,0.7,1.6,3.3,17
189,Jeff Green\greenje02,PF,33,UTA,30,2,553,4.9,12.7,0.385,2.2,6.8,0.327,2.7,5.9,0.451,3.2,4.1,0.778,0.9,4.4,5.3,1.3,0.8,0.7,1.8,3,15.2
189,Jeff Green\greenje02,C,33,HOU,18,2,407,7.4,13.2,0.564,2.5,7,0.354,5,6.2,0.8,2.1,2.5,0.857,0.9,3.7,4.6,2.7,1.2,0.8,1.3,3.8,19.5
190,Blake Griffin\griffbl01,PF,30,DET,18,18,512,6.2,17.6,0.352,1.9,7.8,0.243,4.3,9.8,0.439,5.3,6.9,0.776,1.2,4.7,5.9,4.1,0.5,0.5,2.8,1.9,19.6
191,Marko Guduric\gudurma01,SG,24,MEM,44,0,484,4.6,11.7,0.395,1.9,6.2,0.301,2.8,5.5,0.5,1.8,1.9,0.923,1,4.4,5.4,3.3,0.9,0.6,2.7,2.5,12.9
192,Kyle Guy\guyky01,SG,22,SAC,3,0,10,7.2,18,0.4,0,10.8,0,7.2,7.2,1,0,0,,0,3.6,3.6,3.6,0,0,0,3.6,14.4
193,Rui Hachimura\hachiru01,PF,21,WAS,48,48,1444,6.3,13.6,0.466,0.6,2.2,0.287,5.7,11.4,0.5,2.9,3.5,0.829,1.9,5.4,7.3,2.2,0.9,0.2,1.3,2.6,16.2
194,Devon Hall\hallde01,SG,24,OKC,11,0,81,2.7,13.3,0.2,1.8,7.6,0.235,0.9,5.8,0.154,1.8,3.6,0.5,0.9,2.2,3.1,5.8,1.8,0.4,2.2,2.7,8.9
195,Donta Hall\halldo01,PF,22,TOT,9,0,133,4.1,6,0.682,0,0,,4.1,6,0.682,2.4,4.9,0.5,3.8,6.5,10.3,1.1,0.8,1.6,1.4,6.2,10.6
195,Donta Hall\halldo01,PF,22,DET,4,0,48,0.7,3,0.25,0,0,,0.7,3,0.25,3,4.5,0.667,4.5,6.8,11.3,1.5,0.7,0.7,1.5,6.8,4.5
195,Donta Hall\halldo01,PF,22,BRK,5,0,85,5.9,7.6,0.778,0,0,,5.9,7.6,0.778,2.1,5.1,0.417,3.4,6.4,9.7,0.8,0.8,2.1,1.3,5.9,14
196,Dusty Hannahs\hannadu01,SG,26,MEM,2,0,13,11.1,24.9,0.444,5.5,8.3,0.667,5.5,16.6,0.333,5.5,5.5,1,0,2.8,2.8,0,0,0,0,2.8,33.2
197,Tim Hardaway Jr.\hardati02,SG,27,DAL,71,58,2091,6.6,15.2,0.434,3.5,8.8,0.398,3.1,6.4,0.485,2.6,3.1,0.819,0.4,3.6,4,2.4,0.7,0.1,1.2,2.2,19.3
198,James Harden\hardeja01,SG,30,HOU,68,68,2483,9.7,22,0.444,4.3,12.2,0.355,5.4,9.7,0.556,10,11.6,0.865,1,5.5,6.5,7.4,1.8,0.9,4.5,3.3,33.9
199,Maurice Harkless\harklma01,SF,26,TOT,62,48,1427,3.6,7.1,0.502,0.9,2.5,0.347,2.7,4.7,0.584,1,1.7,0.591,1.4,4.7,6.1,1.7,1.5,0.8,1.3,3.7,9
199,Maurice Harkless\harklma01,SF,26,LAC,50,38,1141,3.5,6.8,0.516,0.9,2.3,0.37,2.7,4.5,0.59,0.8,1.3,0.571,1.5,4.8,6.3,1.5,1.5,0.9,1.5,3.8,8.7
199,Maurice Harkless\harklma01,SF,26,NYK,12,10,286,3.8,8.3,0.455,0.9,3.1,0.28,2.9,5.2,0.561,1.9,3,0.625,1,4,5,2.5,1.1,0.4,0.9,3.5,10.3
200,Jared Harper\harpeja01,PG,22,PHO,3,0,8,4.5,18,0.25,0,9,0,4.5,9,0.5,0,0,,0,0,0,0,0,0,0,0,9
201,Montrezl Harrell\harremo01,C,26,LAC,63,2,1749,9.7,16.7,0.58,0,0.4,0,9.7,16.3,0.593,4.8,7.2,0.658,3.4,5.8,9.2,2.2,0.8,1.5,2.2,3,24.1
202,Gary Harris\harriga01,SG,25,DEN,56,55,1780,4.4,10.5,0.42,1.4,4.2,0.333,3,6.2,0.479,1.5,1.9,0.815,0.5,2.8,3.3,2.4,1.5,0.3,1.2,2.3,11.8
203,Joe Harris\harrijo01,SF,28,BRK,69,69,2123,6.5,13.3,0.486,2.9,6.9,0.424,3.5,6.4,0.553,1.1,1.5,0.719,1.1,4,5.1,2.4,0.7,0.3,1.8,2.7,16.9
204,Tobias Harris\harrito02,PF,27,PHI,72,72,2469,8.1,17.1,0.471,1.9,5.2,0.367,6.2,11.9,0.517,2.5,3.1,0.806,1,6.2,7.2,3.3,0.8,0.6,1.5,2.4,20.6
205,Shaquille Harrison\harrish01,SF,26,CHI,43,10,484,5.7,12.3,0.467,1.2,3.1,0.381,4.5,9.1,0.496,2.9,3.7,0.78,1.6,4.8,6.4,3.6,2.5,1.4,1.4,4.1,15.5
206,Josh Hart\hartjo01,SF,24,NOP,65,16,1755,4.6,10.9,0.423,2.5,7.3,0.342,2.1,3.7,0.584,1.7,2.4,0.739,1.3,7.5,8.7,2.2,1.3,0.5,1.5,3.3,13.5
207,Isaiah Hartenstein\harteis01,C,21,HOU,23,2,266,6,9.1,0.657,0,0.7,0,6,8.4,0.71,2.6,3.8,0.679,3.9,8.3,12.2,2.4,1.2,1.6,2.2,5.5,14.5
208,Udonis Haslem\hasleud01,PF,39,MIA,4,1,44,3.3,9,0.364,0.8,2.5,0.333,2.5,6.5,0.375,2.5,3.3,0.75,0.8,12.3,13.1,0.8,0,0,0.8,4.9,9.8
209,Jaxson Hayes\hayesja02,C,19,NOP,64,14,1080,5.8,8.6,0.672,0,0.1,0.25,5.8,8.5,0.678,4.1,6.3,0.647,3.2,5.4,8.6,1.9,0.9,1.8,1.8,5.4,15.7
210,Gordon Hayward\haywago01,SF,29,BOS,52,52,1740,7.2,14.5,0.5,1.8,4.6,0.383,5.5,9.9,0.554,2.6,3,0.855,1.1,6.1,7.2,4.4,0.8,0.5,2,2,18.8
211,John Henson\hensojo01,PF,29,TOT,40,8,600,5.7,10.3,0.556,0.5,2.2,0.222,5.2,8.1,0.644,1.4,2.8,0.5,2.8,7,9.7,3.2,1.4,2.5,2.2,4.7,13.3
211,John Henson\hensojo01,PF,29,CLE,29,2,412,5.3,10.5,0.508,0.5,2.7,0.194,4.8,7.8,0.618,1.5,2.9,0.515,2.8,7.2,10,3.8,1.4,2.8,1.8,4.8,12.7
211,John Henson\hensojo01,PF,29,DET,11,6,188,6.5,9.8,0.667,0.4,1,0.4,6.1,8.8,0.696,1.1,2.5,0.462,2.7,6.5,9.2,2.1,1.5,1.9,2.9,4.4,14.6
212,Dewan Hernandez\hernade01,C,23,TOR,6,0,28,6.4,18,0.357,1.3,2.6,0.5,5.1,15.4,0.333,3.9,6.4,0.6,6.4,11.6,18,3.9,1.3,0,3.9,7.7,18
213,Juan Hernangómez\hernaju01,PF,24,TOT,48,14,833,4.3,10.7,0.405,1.9,5.6,0.341,2.4,5.1,0.475,1.9,3.1,0.62,1.9,6.7,8.5,1.7,0.8,0.4,1.4,2.8,12.4
213,Juan Hernangómez\hernaju01,PF,24,DEN,34,0,422,3.2,9.4,0.345,1.3,5.1,0.25,2,4.3,0.46,1.4,2.1,0.64,2,6.1,8.1,1.9,0.4,0.4,1.5,2.5,9.1
213,Juan Hernangómez\hernaju01,PF,24,MIN,14,14,411,5.4,12,0.453,2.5,6,0.42,2.9,6,0.485,2.5,4,0.609,1.7,7.3,8.9,1.6,1.2,0.4,1.2,3.1,15.9
214,Willy Hernangómez\hernawi01,C,25,CHO,31,0,375,7.1,13.3,0.532,0.5,2.1,0.227,6.6,11.2,0.59,3.6,5.7,0.627,4.1,8.7,12.9,2.8,1,0.7,2.9,3.1,18.2
215,Tyler Herro\herroty01,SG,20,MIA,55,8,1508,6.4,15.1,0.428,2.8,7.1,0.389,3.7,7.9,0.462,2.1,2.4,0.87,0.4,5,5.3,2.9,0.8,0.2,2.1,1.8,17.7
216,Kevin Hervey\herveke01,PF,23,OKC,10,0,52,4.8,18.7,0.259,2.1,13.8,0.15,2.8,4.8,0.571,0,0,,0.7,7.6,8.3,3.5,0.7,0.7,0,2.8,11.8
217,Mario Hezonja\hezonma01,PF,24,POR,53,4,871,3.8,9,0.422,1,3.2,0.308,2.8,5.8,0.486,2,2.4,0.814,1.2,6.4,7.6,2.1,1.5,0.4,1.7,4.4,10.6
218,Buddy Hield\hieldbu01,SG,27,SAC,72,44,2216,8.1,18.9,0.429,4.4,11.2,0.394,3.7,7.7,0.479,1.9,2.2,0.846,0.9,4.4,5.3,3.5,1.1,0.3,2.7,2.7,22.5
219,George Hill\hillge01,PG,33,MIL,59,2,1271,5.5,10.6,0.516,2.3,5,0.46,3.2,5.7,0.565,2.4,2.9,0.842,1.4,3.6,5,5.1,1.3,0.1,1.6,2.4,15.7
220,Solomon Hill\hillso01,SF,28,TOT,59,4,1088,3.6,9.2,0.396,2.1,5.7,0.368,1.6,3.5,0.439,1.3,1.8,0.741,1,4.5,5.5,3.4,1.4,0.4,1.7,2.8,10.7
220,Solomon Hill\hillso01,SF,28,MEM,48,3,901,3.8,9.3,0.412,2.2,5.9,0.381,1.6,3.4,0.465,1,1.5,0.684,1,4.8,5.8,3.8,1.2,0.3,1.6,2.9,10.9
220,Solomon Hill\hillso01,SF,28,MIA,11,1,187,2.7,8.7,0.311,1.3,4.6,0.292,1.3,4,0.333,2.7,3.1,0.875,1,3.1,4,1.9,2.3,1,2.1,2.3,9.4
221,Jaylen Hoard\hoardja01,SF,20,POR,13,0,103,5.2,11.2,0.469,0,1,0,5.2,10.1,0.517,2.8,4.5,0.615,4.9,6.3,11.2,1.4,1.7,0,1.4,4.2,13.3
222,Aaron Holiday\holidaa01,PG,23,IND,66,33,1617,5.2,12.5,0.414,1.9,4.9,0.394,3.3,7.6,0.427,1.6,1.9,0.851,0.5,3,3.5,5,1.2,0.4,2,2.7,14
223,Jrue Holiday\holidjr01,SG,29,NOP,61,61,2117,7.8,17.1,0.455,2.1,5.9,0.353,5.7,11.2,0.509,2.2,3.1,0.709,1.3,3.7,5,6.9,1.7,0.8,3.1,2.5,19.8
224,Justin Holiday\holidju01,SG,30,IND,73,6,1826,4.1,9.6,0.428,2.6,6.5,0.405,1.5,3.1,0.477,1,1.3,0.791,0.6,4.1,4.7,1.8,1.7,0.9,0.9,2.7,11.9
225,Rondae Hollis-Jefferson\holliro01,SF,25,TOR,60,6,1122,5,10.6,0.471,0.1,0.7,0.13,4.9,9.8,0.497,3.4,4.6,0.734,3.5,5.6,9.1,3.4,1.5,0.7,1.9,3.7,13.4
226,Richaun Holmes\holmeri01,C,26,SAC,44,38,1242,6.5,10,0.648,0,0,,6.5,10,0.648,2.7,3.4,0.788,3.7,6.7,10.4,1.2,1.2,1.6,1.5,4.9,15.6
227,Rodney Hood\hoodro01,SF,27,POR,21,21,619,5.1,10,0.506,2,4.1,0.493,3,5.9,0.515,1.2,1.6,0.778,0.6,3.6,4.2,1.9,1,0.2,1.1,2.7,13.4
228,Al Horford\horfoal01,C,33,PHI,67,61,2025,5.7,12.6,0.45,1.8,5,0.35,3.9,7.6,0.516,1.1,1.4,0.763,1.8,6.3,8.1,4.8,0.9,1.1,1.4,2.5,14.2
229,Talen Horton-Tucker\hortota01,SG,19,LAL,6,1,81,6.2,13.3,0.467,1.8,5.8,0.308,4.4,7.6,0.588,0.9,1.8,0.5,0.9,2.2,3.1,2.7,3.6,0.4,2.7,4.4,15.1
230,Danuel House\houseda01,SF,26,HOU,63,52,1913,4.3,10.1,0.427,2.4,6.7,0.363,1.9,3.5,0.549,1.4,1.7,0.811,1.1,4,5,1.6,1.3,0.6,1,2.5,12.5
231,Dwight Howard\howardw01,C,34,LAL,69,2,1306,5.6,7.6,0.729,0.1,0.1,0.6,5.5,7.5,0.732,3,5.9,0.514,4.7,9.2,14,1.2,0.9,2.2,2.3,6.1,14.3
232,William Howard\howarwi01,PF,26,HOU,2,0,13,0,11.1,0,0,11.1,0,0,0,,0,0,,0,5.5,5.5,2.8,0,0,2.8,2.8,0
233,Kevin Huerter\huertke01,SG,21,ATL,56,48,1760,5.2,12.5,0.413,2.6,6.8,0.38,2.6,5.6,0.453,1.1,1.3,0.828,0.7,3.9,4.7,4.4,1,0.6,1.8,2.8,14
234,De'Andre Hunter\huntede01,SF,22,ATL,63,62,2018,5,12.2,0.41,1.9,5.4,0.355,3.1,6.8,0.454,2,2.6,0.764,0.8,4.3,5.1,2,0.8,0.3,1.8,3.2,13.9
235,Chandler Hutchison\hutchch01,SF,23,CHI,28,10,527,5.5,12,0.457,0.8,2.6,0.316,4.6,9.4,0.496,3.1,5.3,0.59,1.2,6.1,7.4,1.8,1.8,0.5,1.8,3.2,14.9
236,Serge Ibaka\ibakase01,C,30,TOR,55,27,1485,8.3,16.2,0.512,1.7,4.4,0.385,6.6,11.8,0.559,2.2,3,0.718,2.8,8.2,11,1.9,0.7,1.1,2.6,3.7,20.5
237,Andre Iguodala\iguodan01,SG,36,MIA,21,0,418,3.3,7.6,0.432,1.2,4,0.298,2.1,3.5,0.585,0.5,1.3,0.4,1.5,5.3,6.7,4.4,1.2,1.8,2.2,3,8.3
238,Ersan İlyasova\ilyaser01,PF,32,MIL,63,8,986,5.3,11.4,0.466,1.8,5,0.365,3.5,6.4,0.545,2.6,3.2,0.828,2.3,8.8,11,1.8,0.9,0.6,1.2,3.5,15.1
239,Joe Ingles\inglejo01,SF,32,UTA,72,45,2137,4.1,9.3,0.445,2.4,5.9,0.399,1.8,3.4,0.525,1.2,1.6,0.787,0.5,4.2,4.7,6.3,1.1,0.2,2.4,2.6,11.9
240,Brandon Ingram\ingrabr01,PF,22,NOP,62,62,2104,8.7,18.8,0.463,2.6,6.6,0.391,6.1,12.2,0.501,5.4,6.3,0.851,0.9,5.6,6.5,4.4,1,0.7,3.2,3.1,25.3
241,Kyrie Irving\irvinky01,PG,27,BRK,20,20,658,10.9,22.8,0.478,3.1,7.8,0.394,7.8,15,0.522,5.1,5.6,0.922,1.2,4.4,5.6,7,1.5,0.5,2.8,2.9,30
242,Jonathan Isaac\isaacjo01,SF,22,ORL,34,32,980,5.7,12.2,0.47,1.2,3.5,0.34,4.6,8.7,0.521,2.2,2.8,0.779,2.1,6.4,8.5,1.8,1.9,2.9,1.8,3,14.8
243,Wesley Iwundu\iwundwe01,SF,25,ORL,52,21,953,3.7,8.8,0.416,1.1,3.1,0.341,2.6,5.7,0.457,2.9,3.7,0.804,0.9,4,4.9,2.3,0.9,0.5,1,3,11.3
244,Frank Jackson\jacksfr01,PG,21,NOP,59,2,797,6.1,15,0.405,2.1,6.5,0.326,3.9,8.4,0.465,2.5,3.4,0.747,1,2.8,3.7,2.8,0.8,0.2,2.2,3.5,16.8
245,Jaren Jackson Jr.\jacksja02,C,20,MEM,57,57,1622,7.8,16.7,0.469,3.2,8.2,0.394,4.6,8.5,0.54,3.1,4.1,0.747,1.2,4.6,5.8,1.7,0.9,2,2.2,5.1,22
246,Josh Jackson\jacksjo02,SG,22,MEM,22,0,381,6.6,15,0.44,2.2,6.8,0.319,4.4,8.2,0.54,3.3,4.7,0.7,1,5.2,6.2,3.3,1.7,0.9,2.6,3.8,18.7
247,Justin Jackson\jacksju01,PF,24,DAL,65,3,1045,4.7,11.7,0.396,1.7,5.6,0.294,3,6.1,0.489,1.4,1.7,0.84,0.9,4.4,5.3,1.8,0.5,0.3,0.5,2.4,12.4
248,Reggie Jackson\jacksre01,PG,29,TOT,31,16,743,6.5,15.8,0.411,2.8,7,0.393,3.7,8.8,0.425,2.2,2.6,0.833,0.8,3.6,4.5,6.1,0.6,0.2,2.5,2.9,17.9
248,Reggie Jackson\jacksre01,PG,29,DET,14,10,381,7.2,18.7,0.384,2.9,7.7,0.378,4.3,11,0.388,2.5,3.1,0.788,1,2.8,3.9,6.8,0.8,0.1,2.2,2,19.7
248,Reggie Jackson\jacksre01,PG,29,LAC,17,6,362,5.8,12.7,0.453,2.6,6.3,0.413,3.2,6.5,0.492,1.9,2.1,0.905,0.6,4.5,5.1,5.4,0.5,0.4,2.8,3.8,16
249,Justin James\jamesju01,SG,23,SAC,36,0,232,5.4,13,0.417,1.4,4.5,0.31,4,8.5,0.473,1.6,3.3,0.476,0.9,4,5,2.8,0.9,1.4,1.2,2.6,13.8
250,LeBron James\jamesle01,PG,35,LAL,67,67,2316,10,20.3,0.493,2.3,6.6,0.348,7.7,13.6,0.564,4.1,5.9,0.693,1,7.1,8.2,10.6,1.2,0.6,4.1,1.8,26.4
251,Amile Jefferson\jeffeam01,PF,26,ORL,18,0,74,2.4,6.8,0.357,0,0,,2.4,6.8,0.357,2.4,6.8,0.357,4.9,6.3,11.2,1.9,0.5,1.5,1.5,3.4,7.3
252,DaQuan Jeffries\jeffrda01,SG,22,SAC,13,0,141,5.1,10.2,0.5,1.3,4.6,0.278,3.8,5.6,0.682,1.3,1.5,0.833,0.8,3.8,4.6,1.8,1,0.3,0.5,4.9,12.8
253,Ty Jerome\jeromty01,PG,22,PHO,31,0,328,4.2,12.4,0.336,1.5,5.5,0.28,2.6,6.9,0.381,1.3,1.8,0.75,0.8,4.3,5,4.8,1.6,0.3,2,3.2,11.2
254,Alize Johnson\johnsal02,SF,23,IND,17,1,118,3.7,8.8,0.414,0.9,2.4,0.375,2.7,6.4,0.429,2.1,3.1,0.7,4.9,9.8,14.6,2.1,0.9,0.6,2.1,3.7,10.4
255,B.J. Johnson\johnsbj01,SF,24,ORL,10,0,83,3.9,13.9,0.281,1.3,3.9,0.333,2.6,10,0.261,3.9,4.3,0.9,1.3,5.2,6.5,1.3,1.3,0,2.6,1.3,13
256,Cameron Johnson\johnsca02,PF,23,PHO,57,9,1255,5,11.6,0.435,3,7.8,0.39,2,3.8,0.526,1.3,1.6,0.807,1.4,4,5.4,2,1,0.6,0.9,2.5,14.5
257,James Johnson\johnsja01,PF,32,TOT,32,1,619,6,12.5,0.479,1.9,5.3,0.363,4.1,7.2,0.565,1.8,2.8,0.646,1.5,5.4,6.9,4.3,1.5,1.9,2.8,4.7,15.7
257,James Johnson\johnsja01,PF,32,MIA,18,0,281,5,11.1,0.448,2,5.8,0.356,2.9,5.4,0.548,1,1.8,0.571,1,5.6,6.7,2.7,0.8,1.7,1.9,4.4,13.1
257,James Johnson\johnsja01,PF,32,MIN,14,1,338,6.8,13.6,0.5,1.8,4.9,0.37,5,8.7,0.573,2.4,3.6,0.676,1.8,5.2,7,5.6,2,2,3.5,4.9,17.9
258,Keldon Johnson\johnske04,SF,20,SAS,17,1,301,6.3,10.6,0.596,1.6,2.6,0.591,4.8,8,0.597,4.2,5.3,0.795,1.2,5.6,6.8,1.8,1.7,0.2,1.6,3.3,18.4
259,Stanley Johnson\johnsst04,PF,23,TOR,25,0,150,5.3,14.2,0.373,1.7,5.8,0.292,3.6,8.4,0.429,2.2,3.8,0.563,1.7,7.2,8.9,4.8,1.4,1,3.6,3.8,14.4
260,Tyler Johnson\johnsty01,SG,27,TOT,39,7,709,4.9,12.7,0.388,1.9,6,0.319,3,6.7,0.45,2.1,2.5,0.84,0.9,2.9,3.9,3.8,0.8,0.5,1.5,2.9,13.9
260,Tyler Johnson\johnsty01,SG,27,PHO,31,3,515,4.5,12,0.38,1.7,5.8,0.289,2.9,6.2,0.466,1.7,2.2,0.75,0.7,2.9,3.6,3.5,0.8,0.6,1.7,3,12.4
260,Tyler Johnson\johnsty01,SG,27,BRK,8,4,194,5.9,14.7,0.405,2.6,6.7,0.389,3.3,8,0.419,3.3,3.3,1,1.5,3,4.5,4.5,0.7,0.2,0.9,2.8,17.8
261,Nikola Jokić\jokicni01,C,24,DEN,73,73,2336,8.7,16.5,0.528,1.2,3.9,0.314,7.5,12.6,0.594,3.8,4.6,0.817,2.6,8.4,11,7.9,1.3,0.7,3.5,3.4,22.4
262,Damian Jones\jonesda03,C,24,ATL,55,27,887,4.9,7.2,0.68,0.1,0.4,0.222,4.8,6.9,0.704,2.5,3.4,0.738,3,5.4,8.4,1.4,1.1,1.6,1.1,6,12.4
263,Derrick Jones Jr.\jonesde02,SF,22,MIA,59,16,1375,4.8,9.1,0.527,1,3.5,0.28,3.8,5.7,0.677,2.5,3.2,0.772,1.7,4.4,6.1,1.6,1.5,1,0.8,3.4,13.1
264,Tyus Jones\jonesty01,PG,23,MEM,65,6,1232,5.8,12.5,0.459,1.4,3.6,0.379,4.4,8.9,0.492,1.3,1.7,0.741,0.3,2.7,3,8.3,1.7,0.2,1.6,1.3,14.1
265,DeAndre Jordan\jordade01,C,31,BRK,56,6,1234,5.6,8.4,0.666,0,0,,5.6,8.4,0.666,2.4,3.6,0.68,4.1,12.3,16.4,3.1,0.5,1.5,2.2,3.3,13.6
266,Cory Joseph\josepco01,PG,28,SAC,72,26,1759,3.5,8.4,0.415,1.1,3.3,0.352,2.4,5.2,0.455,1.2,1.4,0.857,0.9,2.9,3.8,5.1,1.1,0.4,1.6,2.7,9.4
267,Mfiondu Kabengele\kabenmf01,C,22,LAC,12,0,64,7.9,18,0.438,5.1,11.3,0.45,2.8,6.8,0.417,2.8,2.8,1,0.6,5.6,6.2,1.1,1.1,1.1,1.1,5.1,23.6
268,Frank Kaminsky\kaminfr01,C,26,PHO,39,13,777,6.4,14.2,0.45,1.9,5.7,0.331,4.5,8.5,0.53,2.8,4.2,0.678,1.6,6.5,8.2,3.5,0.6,0.5,1.7,3.5,17.5
269,Enes Kanter\kanteen01,C,27,BOS,58,7,983,7.3,12.7,0.572,0,0.3,0.143,7.3,12.5,0.581,2.6,3.6,0.707,6,9.8,15.8,2.1,0.8,1.5,2.1,3.7,17.2
270,Luke Kennard\kennalu01,SG,23,DET,28,25,922,5.9,13.4,0.442,2.9,7.1,0.399,3,6.2,0.491,2.6,2.9,0.893,0.4,3.5,3.8,4.5,0.5,0.2,1.7,2.5,17.3
271,Stanton Kidd\kiddst01,SF,27,UTA,4,0,15,0,7.2,0,0,2.4,0,0,4.8,0,0,0,,0,7.2,7.2,2.4,0,0,4.8,7.2,0
272,Michael Kidd-Gilchrist\kiddgmi01,SF-PF,26,TOT,25,0,281,2.8,8.5,0.333,0.6,2.6,0.25,2.2,5.9,0.37,1.4,1.8,0.786,1.8,6.8,8.6,1.8,0.3,0.8,2,4.7,7.7
272,Michael Kidd-Gilchrist\kiddgmi01,PF,26,CHO,12,0,160,4.1,11.9,0.34,1.1,3.8,0.294,2.9,8.1,0.361,1.6,2,0.778,2,5.9,7.9,2.3,0,0.7,1.6,4.1,10.8
272,Michael Kidd-Gilchrist\kiddgmi01,SF,26,DAL,13,0,121,1.2,3.9,0.308,0,0.9,0,1.2,3,0.4,1.2,1.5,0.8,1.5,8,9.5,1.2,0.6,0.9,2.7,5.7,3.6
273,Louis King\kinglo02,SF,20,DET,10,0,62,4.6,12.2,0.381,2.3,6.4,0.364,2.3,5.8,0.4,0,1.7,0,0.6,5.2,5.8,2.9,1.2,0,1.2,5.8,11.6
274,Maxi Kleber\klebima01,C,28,DAL,74,21,1890,4.5,9.8,0.461,2.3,6.1,0.373,2.2,3.7,0.605,1.5,1.8,0.849,2.1,5.3,7.4,1.7,0.5,1.6,1.1,3.4,12.8
275,Brandon Knight\knighbr03,PG,28,TOT,25,3,462,4.6,13,0.353,3.5,10.2,0.344,1.1,2.8,0.389,1.6,2.6,0.588,0.3,2.9,3.2,5.4,0.8,0.2,3,3.1,14.3
275,Brandon Knight\knighbr03,PG,28,CLE,16,0,241,4.2,12.8,0.326,2.8,9.6,0.297,1.3,3.3,0.409,0.6,1.9,0.308,0.4,2.5,3,4.6,0.7,0.3,2.4,3,11.8
275,Brandon Knight\knighbr03,PG,28,DET,9,3,221,5,13.2,0.383,4.2,10.9,0.388,0.8,2.3,0.357,2.6,3.4,0.762,0.2,3.3,3.4,6.2,0.8,0.2,3.6,3.3,16.9
276,Kevin Knox\knoxke01,SF,20,NYK,65,4,1166,4.4,12.4,0.359,2,6.1,0.327,2.4,6.2,0.391,2,3.1,0.653,0.9,4.8,5.7,1.9,0.7,0.9,1.4,3.3,12.9
277,John Konchar\konchjo01,SG,23,MEM,19,0,181,4.8,7.4,0.649,1,2,0.5,3.8,5.4,0.704,0.2,0.4,0.5,3.6,5.8,9.3,4.4,1.4,0.6,1.4,1.4,10.7
278,Furkan Korkmaz\korkmfu01,SG,22,PHI,72,12,1559,5.6,13,0.43,3.3,8.2,0.402,2.3,4.8,0.478,1.8,2.4,0.755,0.4,3.5,3.9,1.8,0.9,0.4,1.4,2.3,16.3
279,Luke Kornet\kornelu01,C,24,CHI,36,14,559,5.3,12,0.439,2,7,0.287,3.3,5.1,0.646,1.3,1.8,0.714,1.4,4,5.4,2.1,0.7,1.7,0.9,3.5,13.8
280,Kyle Korver\korveky01,SF,38,MIL,58,1,960,4.7,11,0.43,3.7,8.9,0.418,1,2.1,0.482,1.3,1.5,0.854,0.6,4,4.6,2.5,1,0.5,1.8,2.9,14.5
281,Rodions Kurucs\kurucro01,PF,21,BRK,47,9,684,4.2,9.3,0.446,1.7,4.7,0.367,2.4,4.6,0.529,1.3,2,0.632,1.3,5.9,7.2,2.7,1.3,0.3,2.4,4.7,11.3
282,Kyle Kuzma\kuzmaky01,PF,24,LAL,61,9,1526,6.9,15.8,0.436,2,6.4,0.316,4.8,9.3,0.518,2.7,3.7,0.735,1.2,5.2,6.4,1.9,0.7,0.6,2.1,3,18.4
283,Skal Labissière\labissk01,C,23,POR,33,1,567,5.1,9.3,0.551,0.2,0.8,0.231,5,8.5,0.582,1.6,2.1,0.758,4.1,6.6,10.7,2.7,0.4,2,1.9,5.7,12.1
284,Jeremy Lamb\lambje01,SG,27,IND,46,42,1291,6,13.4,0.451,1.5,4.4,0.335,4.5,9,0.508,2.6,3.1,0.836,0.7,4.9,5.6,2.7,1.5,0.6,1.4,2.9,16.1
285,Romeo Langford\langfro01,SG,20,BOS,32,2,370,2.7,7.8,0.35,0.5,2.6,0.185,2.2,5.2,0.434,1.8,2.4,0.72,1.5,2.5,4,1.3,0.8,0.8,1.1,3.2,7.7
286,Zach LaVine\lavinza01,SG,24,CHI,60,60,2085,9.3,20.7,0.45,3.2,8.4,0.38,6.1,12.3,0.497,4.6,5.8,0.802,0.7,4.3,5,4.4,1.5,0.5,3.6,2.3,26.4
287,Vic Law\lawvi01,SF,24,ORL,8,0,62,3.5,10.5,0.333,0.6,4.1,0.143,2.9,6.4,0.455,1.2,3.5,0.333,1.2,5.2,6.4,1.7,1.2,0,1.2,3.5,8.7
288,Jake Layman\laymaja01,PF,25,MIN,23,2,505,5.8,12.8,0.453,1.7,5.1,0.333,4.1,7.6,0.533,1.7,2.3,0.75,1.2,2.9,4.1,1.1,1.2,0.7,1.7,3.4,15
289,T.J. Leaf\leaftj01,PF,22,IND,28,1,222,5.8,13.9,0.419,0.8,2.9,0.278,5,11,0.456,1.1,2.6,0.438,3.7,7.8,11.5,1.5,1.6,0.6,1.3,3.6,13.6
290,Jalen Lecque\lecquja01,PG,19,PHO,5,0,32,4.5,11.3,0.4,0,4.5,0,4.5,6.8,0.667,2.3,2.3,1,0,2.3,2.3,2.3,0,0,2.3,3.4,11.3
291,Courtney Lee\leeco01,SG,34,DAL,24,9,345,4.2,8.6,0.488,2.2,4.9,0.447,2,3.7,0.543,0.6,0.7,0.857,0.7,2.6,3.3,1.3,1.9,0.6,1.1,3.4,11.2
292,Damion Lee\leeda03,SG,27,GSW,49,36,1423,5.4,12.9,0.417,2.2,6,0.356,3.2,6.9,0.471,2.8,3.2,0.873,0.8,5.2,6,3.4,1.3,0.2,1.7,2.9,15.7
293,Alex Len\lenal01,C,26,TOT,55,12,970,6.6,11.8,0.555,0.6,2.2,0.271,6,9.6,0.619,2.5,3.9,0.648,3.7,8.2,11.9,1.9,0.9,1.8,2,4.7,16.3
293,Alex Len\lenal01,C,26,ATL,40,9,745,6.9,12.6,0.546,0.7,2.7,0.25,6.2,9.9,0.627,2.5,3.9,0.63,3.3,7.8,11.1,2,1,1.6,1.9,4.5,16.9
293,Alex Len\lenal01,C,26,SAC,15,3,225,5.6,9.4,0.593,0.3,0.5,0.667,5.3,9,0.589,2.7,3.8,0.708,5,9.6,14.6,1.3,0.5,2.4,2.6,5.4,14.2
294,Kawhi Leonard\leonaka01,SF,28,LAC,57,57,1848,10.4,22.1,0.47,2.4,6.3,0.378,8,15.7,0.506,6.9,7.8,0.886,1.1,6.8,7.8,5.5,2,0.6,2.9,2.2,30.1
295,Meyers Leonard\leoname01,C,27,MIA,51,49,1034,4.1,8.1,0.509,1.8,4.5,0.414,2.3,3.7,0.623,0.6,1,0.643,1,8,9.1,1.9,0.5,0.5,1.4,3.7,10.8
296,Caris LeVert\leverca01,SG,25,BRK,45,31,1330,8.4,19.8,0.425,2.2,6,0.364,6.3,13.9,0.451,3.8,5.3,0.711,1.3,3.8,5.1,5.4,1.4,0.3,3.2,2.2,22.8
297,Damian Lillard\lillada01,PG,29,POR,66,66,2474,9.1,19.6,0.463,3.9,9.8,0.401,5.2,9.8,0.524,6.7,7.5,0.888,0.5,3.7,4.1,7.7,1,0.3,2.8,1.7,28.8
298,Nassir Little\littlna01,PF,19,POR,48,5,573,4.1,9.5,0.43,0.9,3.7,0.237,3.2,5.8,0.554,1.8,2.8,0.636,1.9,4.8,6.8,1.4,0.8,0.9,0.9,4.5,10.8
299,Kevon Looney\looneke01,C,23,GSW,20,4,262,4,10.9,0.367,0.1,1.9,0.071,3.8,8.9,0.431,1.2,1.6,0.75,3.8,5.2,9.1,2.7,1.6,0.8,1.6,4.7,9.3
300,Brook Lopez\lopezbr01,C,31,MIL,68,67,1817,5.8,13.3,0.435,2,6.4,0.314,3.8,6.9,0.549,2.5,3,0.836,1.1,5,6.2,2,0.9,3.2,1.4,3.2,16.1
301,Robin Lopez\lopezro01,C,31,MIL,66,5,958,5.5,11.2,0.492,1.3,3.9,0.333,4.2,7.3,0.577,1.1,2,0.528,2.1,3.9,6.1,1.7,0.4,1.7,2.4,3.6,13.4
302,Kevin Love\loveke01,PF,31,CLE,56,56,1780,6.6,14.7,0.45,3,7.9,0.374,3.7,6.8,0.537,3.8,4.4,0.854,1.1,10,11.1,3.6,0.7,0.4,2.8,1.8,20
303,Kyle Lowry\lowryky01,PG,33,TOR,58,58,2098,5.7,13.8,0.416,2.8,8,0.352,2.9,5.8,0.504,5,5.9,0.857,0.5,4.5,5,7.4,1.4,0.4,3.1,3.3,19.3
304,Timothé Luwawu-Cabarrot\luwawti01,SG,24,BRK,47,2,853,4.9,11.4,0.435,2.6,6.8,0.388,2.3,4.6,0.505,2.9,3.4,0.852,1.2,4.1,5.4,1.2,0.8,0.3,1.6,4.5,15.4
305,Trey Lyles\lylestr01,PF,24,SAS,63,53,1271,4.3,9.7,0.446,1.8,4.8,0.387,2.5,5,0.503,0.9,1.3,0.733,2,8.2,10.2,2,0.8,0.8,1.1,2.8,11.4
306,Daryl Macon\maconda01,SG,24,MIA,4,0,14,2.6,7.7,0.333,2.6,5.1,0.5,0,2.6,0,0,0,,0,0,0,2.6,0,0,5.1,2.6,7.7
307,J.P. Macura\macurjp01,SG,24,CLE,1,0,1,0,0,,0,0,,0,0,,0,0,,0,0,0,0,0,0,0,0,0
308,Josh Magette\magetjo01,PG,30,ORL,8,0,38,4.7,14.2,0.333,0.9,3.8,0.25,3.8,10.4,0.364,0.9,1.9,0.5,0.9,4.7,5.7,4.7,2.8,0.9,4.7,3.8,11.4
309,Ian Mahinmi\mahinia01,C,33,WAS,38,35,808,4.6,9.4,0.495,0.2,1.2,0.192,4.4,8.2,0.538,3.1,5,0.619,3.5,6.2,9.7,2.2,1.4,2,2,5.1,12.6
310,Thon Maker\makerth01,C,22,DET,60,14,776,4.3,9,0.482,1,3,0.344,3.3,6,0.55,3.4,5.1,0.664,2.5,5.2,7.7,2,1.2,1.8,2.1,4.7,13
311,Terance Mann\mannte01,SG,23,LAC,41,6,362,3.7,7.9,0.468,0.7,2,0.35,3,5.9,0.508,1.8,2.7,0.667,1,4.5,5.5,5.3,1.1,0.5,1.8,4.6,9.8
312,Boban Marjanović\marjabo01,C,31,DAL,44,5,422,10.3,18,0.573,0.3,1.5,0.235,10,16.5,0.603,3.7,4.9,0.754,5.6,11.2,16.8,1.7,0.7,0.9,2.6,4.8,24.7
313,Lauri Markkanen\markkla01,PF,22,CHI,50,50,1492,6.1,14.3,0.425,2.6,7.6,0.344,3.4,6.6,0.518,3,3.7,0.824,1.4,6.1,7.6,1.8,1,0.6,2,2.3,17.8
314,Caleb Martin\martica02,SF,24,CHO,18,1,317,4.2,9.5,0.44,2.3,4.2,0.541,1.9,5.3,0.362,1.9,2.4,0.81,1.1,3.2,4.3,2.6,1.4,0.8,1.7,3.6,12.6
315,Cody Martin\martico01,SF,24,CHO,48,3,903,3.5,8.3,0.43,0.7,3.1,0.234,2.8,5.2,0.546,1.7,2.6,0.646,1.5,4.8,6.3,3.8,1.6,0.4,1.8,3.1,9.5
316,Jeremiah Martin\martije02,PG,23,BRK,9,0,99,8.7,19.3,0.453,1.8,6.5,0.278,6.9,12.7,0.543,4,5.1,0.786,0.4,3.3,3.6,6.5,2.5,0.7,1.5,2.5,23.3
317,Kelan Martin\martike03,SF,24,MIN,31,4,495,5.2,13.2,0.392,1.8,7,0.26,3.3,6.2,0.541,2.2,2.3,0.968,0.9,6.1,7,1.7,0.5,0.7,1.5,3.7,14.3
318,Frank Mason III\masonfr01,PG,25,MIL,9,0,118,7,15.6,0.451,1.8,6.4,0.286,5.2,9.2,0.567,3.1,5.2,0.588,1.5,4.3,5.8,8.8,1.5,0.3,3.4,3.4,18.9
319,Garrison Mathews\mathega01,SG,23,WAS,18,0,227,3.8,8.9,0.429,3,7.3,0.413,0.8,1.6,0.5,4.9,5.4,0.912,1,2.9,3.8,1.6,1.3,0.2,1.3,5.1,15.5
320,Wesley Matthews\matthwe02,SG,33,MIL,67,67,1635,3.7,9.3,0.396,2.4,6.5,0.364,1.3,2.8,0.472,1.1,1.5,0.765,0.5,3.2,3.7,2,0.8,0.2,0.9,2.3,10.9
321,Luc Mbah a Moute\mbahalu01,PF,33,HOU,3,0,25,2.9,7.2,0.4,0,2.9,0,2.9,4.3,0.667,1.4,2.9,0.5,1.4,1.4,2.9,0,2.9,0,1.4,0,7.2
322,Patrick McCaw\mccawpa01,SF,24,TOR,37,12,908,2.7,6.4,0.414,0.9,2.8,0.324,1.7,3.6,0.484,0.5,0.7,0.722,0.8,2.7,3.4,3.1,1.5,0.2,1.1,2.4,6.7
323,CJ McCollum\mccolcj01,SG,28,POR,70,70,2556,8.6,19.1,0.451,2.7,7.2,0.379,5.9,11.9,0.494,2,2.6,0.757,0.6,3.5,4.2,4.4,0.8,0.6,1.8,2.6,21.9
324,T.J. McConnell\mccontj01,PG,27,IND,71,3,1326,5.8,11.2,0.516,0.1,0.5,0.294,5.6,10.7,0.525,1,1.1,0.833,1,4.1,5.1,9.6,1.5,0.3,2.7,2,12.6
325,Jalen McDaniels\mcdanja01,PF,22,CHO,16,0,293,4.1,8.6,0.471,1.1,2.9,0.375,2.9,5.7,0.522,1.7,2.1,0.824,1.8,6.1,8,1.6,1,0.4,1.4,4.4,10.9
326,Doug McDermott\mcderdo01,PF,28,IND,69,0,1372,7,14.4,0.488,3.4,7.7,0.435,3.6,6.6,0.549,1.3,1.5,0.828,0.7,3.9,4.6,2,0.3,0.1,1.1,3.1,18.6
327,JaVale McGee\mcgeeja01,C,32,LAL,68,68,1130,6.2,9.7,0.637,0.1,0.2,0.5,6.1,9.6,0.64,1.7,2.6,0.646,4,8.4,12.4,1.2,1.1,3,1.8,5.1,14.2
328,Rodney McGruder\mcgruro01,SG,28,LAC,56,4,871,3,7.5,0.398,1,3.7,0.27,2,3.8,0.522,0.8,1.4,0.559,1.2,5,6.2,1.5,1.1,0.3,1,3.1,7.7
329,Alfonzo McKinnie\mckinal01,SF,27,CLE,40,1,593,4.4,10.4,0.427,0.8,3.9,0.215,3.6,6.4,0.557,1.3,1.9,0.71,2.2,4.6,6.9,0.8,1.4,0.5,1.6,4.4,11
330,Jordan McLaughlin\mclaujo01,PG,23,MIN,30,2,590,5.3,10.9,0.489,1.8,4.6,0.382,3.5,6.2,0.569,1.6,2.4,0.667,0.4,2.6,3,7.6,2.1,0.2,1.9,1.9,14
331,Ben McLemore\mclembe01,SG,26,HOU,71,23,1619,5.4,12.1,0.444,4,10.1,0.4,1.4,2.1,0.656,1.1,1.5,0.746,0.5,3,3.5,1.3,1,0.4,1.1,3.4,15.9
332,Jordan McRae\mcraejo01,SG,28,TOT,37,4,784,6.8,16.8,0.407,2.1,5.8,0.357,4.8,11,0.433,3.8,5,0.761,0.8,4.9,5.7,4.3,1,0.7,2,3.4,19.6
332,Jordan McRae\mcraejo01,SG,28,WAS,29,4,654,7.3,17.4,0.42,2.2,5.8,0.377,5.1,11.6,0.441,3.5,4.6,0.771,0.9,4.8,5.7,4.5,1,0.8,2.1,3.4,20.4
332,Jordan McRae\mcraejo01,SG,28,DEN,4,0,32,2.3,6.8,0.333,2.3,4.5,0.5,0,2.3,0,3.4,4.5,0.75,1.1,4.5,5.6,4.5,2.3,1.1,0,2.3,10.1
332,Jordan McRae\mcraejo01,SG,28,DET,4,0,98,5.1,15.8,0.326,1.1,5.9,0.188,4,9.9,0.407,5.9,8.1,0.727,0,5.5,5.5,2.6,0,0,1.8,3.7,17.3
333,Nicolò Melli\mellini01,C,29,NOP,60,8,1042,4.7,11.2,0.421,2.4,7.1,0.335,2.3,4,0.573,1.9,2.5,0.74,1.3,4.9,6.2,2.8,1.2,0.8,1.6,4.3,13.6
334,De'Anthony Melton\meltode01,PG,21,MEM,60,8,1167,5,12.4,0.401,1.2,4.3,0.286,3.7,8.1,0.464,2.9,3.7,0.769,1.3,5.5,6.8,5.4,2.4,0.6,2.6,3.4,14
335,Chimezie Metu\metuch01,PF,22,SAS,18,0,105,8.2,14.4,0.571,0,0.7,0,8.2,13.7,0.6,3.4,4.5,0.769,4.1,7.2,11.3,3.4,1,2.1,3.4,2.4,19.9
336,Khris Middleton\middlkh01,SF,28,MIL,62,59,1853,9.2,18.4,0.497,2.9,6.9,0.415,6.3,11.5,0.546,4,4.4,0.916,0.9,6.6,7.4,5.1,1,0.1,2.7,2.8,25.2
337,Eric Mika\mikaer01,PF,25,SAC,1,0,19,3.8,5.7,0.667,0,0,,3.8,5.7,0.667,3.8,3.8,1,3.8,9.5,13.3,0,0,0,0,9.5,11.4
338,C.J. Miles\milescj01,SG,32,WAS,10,0,161,4.2,13.2,0.322,2.5,7.8,0.314,1.8,5.4,0.333,3.4,4.5,0.75,0.9,1.8,2.7,2.7,2.2,0.9,0.9,3.1,14.3
339,Malcolm Miller\millema01,SF,26,TOR,28,1,162,2.7,6.4,0.414,1.8,4.9,0.364,0.9,1.6,0.571,0.7,1.8,0.375,0.4,3.1,3.6,2.4,1.1,0.4,0.9,4,7.8
340,Patty Mills\millspa02,PG,31,SAS,66,1,1485,6.3,14.5,0.431,3.7,9.8,0.382,2.5,4.7,0.533,2.4,2.7,0.866,0.5,2.1,2.6,2.9,1.3,0.1,1.3,2.5,18.6
341,Paul Millsap\millspa01,PF,34,DEN,51,48,1240,6.1,12.7,0.482,1.6,3.6,0.435,4.6,9.1,0.5,3.3,4.1,0.816,2.8,5.7,8.5,2.4,1.3,0.9,2,4.4,17.2
342,Shake Milton\miltosh01,SG,23,PHI,40,24,805,6,12.4,0.484,2.6,6,0.43,3.4,6.4,0.535,2.3,2.9,0.785,0.7,3.3,3.9,4.7,0.9,0.3,2.1,4.1,16.9
343,Donovan Mitchell\mitchdo01,SG,23,UTA,69,69,2364,9.2,20.4,0.449,2.6,7.2,0.366,6.5,13.2,0.494,4.2,4.9,0.863,0.8,3.8,4.6,4.5,1.1,0.2,2.8,2.6,25.2
344,Naz Mitrou-Long\mitrona01,SG,26,IND,5,0,47,4.6,13,0.353,1.5,9.2,0.167,3.1,3.8,0.8,0,0,,0,5.4,5.4,6.1,0.8,0.8,2.3,1.5,10.7
345,Adam Mokoka\mokokad01,SG,21,CHI,11,0,112,3.9,9,0.429,1.9,4.8,0.4,1.9,4.2,0.462,0.6,1.3,0.5,2.3,1,3.2,1.3,1.3,0,0.6,5.5,10.3
346,Malik Monk\monkma01,SG,21,CHO,55,1,1169,6.5,15,0.434,1.8,6.3,0.284,4.7,8.7,0.542,2.5,3.1,0.82,0.8,4,4.8,3.5,0.8,0.5,2.4,2.3,17.4
347,Matt Mooney\moonema01,SG,22,CLE,4,0,19,1.9,7.6,0.25,0,3.8,0,1.9,3.8,0.5,0,0,,0,5.7,5.7,1.9,3.8,1.9,0,1.9,3.8
348,E'Twaun Moore\mooreet01,SG,30,NOP,56,6,1020,6.6,15.4,0.426,2.2,5.9,0.377,4.3,9.5,0.456,1.1,1.6,0.689,1.1,3.5,4.6,2.8,1.1,0.4,1.4,2.8,16.4
349,Ja Morant\moranja01,PG,20,MEM,67,67,2074,7.8,16.3,0.477,1,3.1,0.335,6.7,13.2,0.511,4.1,5.3,0.776,0.9,3.6,4.5,8.5,1,0.3,3.8,1.9,20.7
350,Juwan Morgan\morgaju01,PF,22,UTA,21,0,134,4,7,0.577,0.8,2.1,0.375,3.2,4.8,0.667,0.8,1.1,0.75,2.7,5.1,7.8,1.6,0.3,0.5,1.6,5.1,9.7
351,Marcus Morris\morrima03,SF-PF,30,TOT,62,62,1936,6.6,15.1,0.438,2.6,6.5,0.408,4,8.6,0.461,3.4,4.1,0.823,1.1,4.7,5.8,1.6,0.9,0.6,1.8,3.3,19.2
351,Marcus Morris\morrima03,SF,30,NYK,43,43,1387,7.3,16.5,0.442,3,6.9,0.439,4.3,9.7,0.444,4.2,5.1,0.823,1.2,4.8,6,1.5,0.9,0.4,1.9,3.3,21.8
351,Marcus Morris\morrima03,PF,30,LAC,19,19,549,4.9,11.4,0.425,1.7,5.5,0.31,3.1,5.9,0.533,1.2,1.4,0.818,0.7,4.4,5.1,1.8,0.9,0.9,1.6,3.4,12.6
352,Markieff Morris\morrima02,PF,30,TOT,58,17,1187,6.2,13.9,0.443,2.7,6.9,0.386,3.5,7,0.5,2,2.6,0.776,1.2,5.4,6.6,2.3,0.9,0.5,2.3,4,17
352,Markieff Morris\morrima02,PF,30,DET,44,16,988,6.4,14.2,0.45,2.7,6.9,0.397,3.6,7.3,0.5,2.2,2.9,0.772,0.9,5.4,6.3,2.5,0.9,0.4,2.6,3.8,17.7
352,Markieff Morris\morrima02,PF,30,LAL,14,1,199,5.1,12.5,0.406,2.4,7.1,0.333,2.7,5.4,0.5,0.9,1.1,0.833,2.9,5.2,8.1,1.4,0.9,1.1,1.1,5.2,13.4
353,Monte Morris\morrimo01,PG,24,DEN,73,12,1636,5.7,12.5,0.459,1.4,3.8,0.378,4.3,8.7,0.495,1.7,2,0.843,0.5,2.5,3,5.6,1.2,0.4,1.2,1.6,14.5
354,Johnathan Motley\motlejo01,PF,24,LAC,13,0,41,9.7,13.2,0.733,0.9,0.9,1,8.8,12.3,0.714,4.4,6.1,0.714,2.6,6.1,8.8,7,2.6,0,4.4,5.3,24.6
355,Emmanuel Mudiay\mudiaem01,PG,23,UTA,54,2,850,6.4,13.8,0.462,1.3,3.7,0.345,5.1,10.2,0.504,2.7,3.5,0.759,0.8,4.6,5.3,4.9,1,0.4,3.2,3,16.7
356,Mychal Mulder\muldemy01,SG,25,GSW,7,3,204,4.6,11.8,0.388,2.8,9.2,0.308,1.8,2.6,0.667,1.6,2.1,0.75,0.5,3.5,4.1,1.4,0.4,0.2,0.9,3.5,13.6
357,Dejounte Murray\murrade01,PG,23,SAS,66,58,1687,6.3,13.6,0.462,0.9,2.4,0.369,5.4,11.2,0.481,1.9,2.4,0.798,1.5,6.7,8.2,5.8,2.4,0.4,2.7,3.1,15.4
358,Jamal Murray\murraja01,PG,22,DEN,59,59,1904,7.7,16.9,0.456,2.1,6.1,0.346,5.6,10.8,0.519,3.1,3.5,0.881,0.9,3.6,4.5,5.4,1.3,0.3,2.4,1.9,20.6
359,Džanan Musa\musadz01,SF,20,BRK,40,0,487,4.7,12.7,0.372,1.4,5.8,0.244,3.3,6.9,0.479,3.3,4.4,0.75,1.6,4.8,6.4,3.2,1.1,0.1,2.7,2.2,14.2
360,Mike Muscala\muscami01,C,28,OKC,47,2,572,4.8,11.9,0.407,3.4,9,0.378,1.4,2.9,0.5,1.1,1.4,0.818,1,5.8,6.8,2.5,0.6,0.8,1.1,3.7,14.2
361,Sviatoslav Mykhailiuk\mykhasv01,SF,22,DET,56,27,1265,4.7,11.5,0.41,3.3,8.1,0.404,1.5,3.4,0.425,1.6,2,0.814,0.5,2.5,3,3,1.2,0.1,1.7,2.5,14.3
362,Abdel Nader\naderab01,SF,26,OKC,55,6,867,5.1,10.9,0.468,2,5.3,0.375,3.1,5.6,0.556,2.1,2.7,0.773,0.6,3.6,4.2,1.6,1,0.8,1.8,3.2,14.3
363,Larry Nance Jr.\nancela02,C,27,CLE,56,10,1472,5.6,10.5,0.531,1.4,3.9,0.352,4.2,6.7,0.636,1.2,1.8,0.676,2.6,7.4,10,3,1.4,0.5,1.5,2.2,13.8
364,Shabazz Napier\napiesh01,PG,28,TOT,56,32,1344,5,12.2,0.412,2,6.4,0.317,3,5.8,0.519,3.4,4.1,0.824,0.7,3.5,4.2,7,1.8,0.3,3.4,2.7,15.5
364,Shabazz Napier\napiesh01,PG,28,MIN,36,22,856,4.8,11.9,0.403,2,6.7,0.296,2.8,5.2,0.54,3,3.7,0.818,0.7,3.9,4.6,7.9,1.7,0.3,3.2,2.6,14.6
364,Shabazz Napier\napiesh01,PG,28,WAS,20,10,488,5.5,12.8,0.428,2.1,6,0.358,3.3,6.8,0.489,4,4.8,0.831,0.7,2.9,3.5,5.5,2.1,0.3,3.8,2.9,17
365,Raul Neto\netora01,PG,27,PHI,54,3,668,5.4,12,0.455,1.8,4.7,0.386,3.6,7.2,0.5,2.1,2.5,0.83,0.6,2.7,3.3,5.1,1.3,0.3,2.5,2.7,14.8
366,Malik Newman\newmama01,SG,22,CLE,1,0,4,0,18,0,0,9,0,0,9,0,18,18,1,0,0,0,0,0,0,9,0,18
367,Georges Niang\niangge01,PF,26,UTA,66,1,923,5.5,12.6,0.438,3.5,8.8,0.4,2,3.8,0.526,0.8,0.9,0.833,0.6,4.4,5,1.7,0.7,0.2,1.2,2.9,15.3
368,Joakim Noah\noahjo01,C,34,LAC,5,0,50,2.9,5.8,0.5,0,0,,2.9,5.8,0.5,4.3,5.8,0.75,3.6,7.9,11.5,5,0.7,0.7,4.3,6.5,10.1
369,Nerlens Noel\noelne01,C,25,OKC,61,7,1127,5.9,8.6,0.684,0,0.1,0.333,5.8,8.5,0.688,2.6,3.4,0.755,2.9,6.7,9.6,1.8,1.9,2.9,2.1,5.3,14.3
370,Zach Norvell\norveza01,SG,22,TOT,5,0,41,2.6,10.5,0.25,2.6,7,0.375,0,3.5,0,0.9,0.9,1,0,5.3,5.3,2.6,1.8,0,2.6,3.5,8.8
370,Zach Norvell\norveza01,SG,22,LAL,2,0,5,0,7.2,0,0,0,,0,7.2,0,0,0,,0,7.2,7.2,0,0,0,0,0,0
370,Zach Norvell\norveza01,SG,22,GSW,3,0,36,3,11,0.273,3,8,0.375,0,3,0,1,1,1,0,5,5,3,2,0,3,4,10
371,Jaylen Nowell\nowelja01,SG,20,MIN,15,0,151,4.5,12.6,0.358,0.7,6.2,0.115,3.8,6.4,0.593,3.8,4.1,0.941,0.7,2.4,3.1,4.5,0.7,0.2,0.7,2.6,13.6
372,Frank Ntilikina\ntilila01,PG,21,NYK,57,26,1187,4,10.1,0.393,1.3,4.2,0.321,2.6,5.9,0.444,1.5,1.8,0.864,0.7,3,3.7,5.2,1.6,0.5,2.2,4.3,10.8
373,Kendrick Nunn\nunnke01,SG,24,MIA,67,67,1962,7.4,16.8,0.439,2.5,7.2,0.35,4.8,9.6,0.505,1.6,1.8,0.85,0.4,2.9,3.3,4,1,0.3,2.1,2.8,18.8
374,Jusuf Nurkić\nurkiju01,C,25,POR,8,8,253,7.7,15.5,0.495,0.3,1.4,0.2,7.4,14.1,0.525,4.4,5,0.886,3.3,8.4,11.7,4.6,1.6,2.3,2.7,5.5,20.1
375,David Nwaba\nwabada01,SF,27,BRK,20,0,268,5,9.5,0.521,1.6,3.8,0.429,3.4,5.8,0.581,2.4,3.6,0.667,1.1,5,6,1.1,1.5,1.6,1.1,4.3,14
376,Royce O'Neale\onealro01,PF,26,UTA,71,62,2049,2.8,6.4,0.433,1.6,4.3,0.377,1.2,2.1,0.545,0.7,1,0.764,0.5,6.4,6.8,3.2,1,0.6,1.1,3.5,7.9
377,Kyle O'Quinn\oquinky01,C,29,PHI,29,2,313,4.8,9.8,0.494,0.8,3.1,0.259,4,6.7,0.603,1.3,2.3,0.55,3.9,9.4,13.3,5.9,0.8,2.8,2.3,4.3,11.7
378,Semi Ojeleye\ojelese01,PF,25,BOS,69,6,1011,2.8,7,0.408,1.7,4.5,0.378,1.1,2.5,0.464,1,1.1,0.875,0.9,4.2,5.2,1.3,0.7,0.2,0.7,2.8,8.4
379,Jahlil Okafor\okafoja01,C,24,NOP,30,9,467,7.8,12.5,0.623,0.1,0.2,0.333,7.7,12.3,0.629,3.1,4.8,0.645,3.7,6.1,9.8,2.9,0.5,1.7,2.9,5.2,18.7
380,Elie Okobo\okoboel01,PG,22,PHO,55,3,719,3.6,9.1,0.398,1.3,3.6,0.352,2.4,5.5,0.427,2.5,3.6,0.704,0.8,3.7,4.5,5.8,1.2,0.2,1.9,2.7,11
381,Josh Okogie\okogijo01,SG,21,MIN,62,28,1547,4,9.3,0.427,1,3.6,0.266,3,5.7,0.529,3.5,4.4,0.796,2,4.2,6.2,2.3,1.6,0.6,2,3.2,12.4
382,KZ Okpala\okpalkz01,SF,20,MIA,5,0,26,4.2,6.9,0.6,0,1.4,0,4.2,5.5,0.75,1.4,2.8,0.5,1.4,5.5,6.9,1.4,2.8,1.4,1.4,2.8,9.7
383,Victor Oladipo\oladivi01,SG,27,IND,19,16,528,6.6,16.8,0.394,2.3,7.1,0.317,4.4,9.7,0.451,3.3,4,0.814,0.6,4.5,5.1,3.8,1.2,0.3,3.2,2.5,18.7
384,Kelly Olynyk\olynyke01,C,28,MIA,67,9,1300,5.1,11,0.462,2.6,6.5,0.406,2.5,4.5,0.543,2.4,2.8,0.86,1.2,7.2,8.4,3.2,1.2,0.6,2,4.8,15.2
385,Miye Oni\onimi01,SG,22,UTA,10,1,109,4,10.6,0.375,2.3,6.3,0.368,1.7,4.3,0.385,1.3,1.7,0.8,1.7,4,5.6,1.3,1.3,0.7,1.3,3,11.6
386,Cedi Osman\osmande01,SF,24,CLE,65,65,1910,5,11.5,0.437,2.3,6.1,0.383,2.7,5.4,0.497,1.2,1.8,0.67,0.7,3.6,4.4,2.9,1,0.3,1.7,3,13.5
387,Kelly Oubre Jr.\oubreke01,SF,24,PHO,56,55,1933,6.9,15.4,0.452,2,5.7,0.352,4.9,9.7,0.511,3.6,4.6,0.78,1.2,5.5,6.7,1.6,1.3,0.7,1.5,3.6,19.5
388,Tariq Owens\owensta01,PF,24,PHO,3,0,15,2.4,12,0.2,0,4.8,0,2.4,7.2,0.333,4.8,4.8,1,4.8,2.4,7.2,0,2.4,0,0,2.4,9.6
389,Jeremy Pargo\pargoje01,PG,33,GSW,3,0,44,9,18,0.5,2.5,5.7,0.429,6.5,12.3,0.533,0,0.8,0,0.8,1.6,2.5,6.5,0.8,0,3.3,6.5,20.5
390,Jabari Parker\parkeja01,PF,24,TOT,38,23,917,8.6,16.8,0.51,1.3,4.7,0.269,7.3,12.2,0.603,2.4,3.2,0.753,2.4,6,8.4,2.7,1.8,0.6,2.5,3.9,20.8
390,Jabari Parker\parkeja01,PF,24,ATL,32,23,837,8.5,16.9,0.504,1.3,4.9,0.27,7.2,12,0.601,2.3,3.1,0.736,2.3,5.9,8.2,2.5,1.8,0.6,2.6,4,20.6
390,Jabari Parker\parkeja01,PF,24,SAC,6,0,80,9.5,16.2,0.583,0.5,1.8,0.25,9,14.4,0.625,3.6,4.1,0.889,3.2,7.2,10.4,4.5,1.4,0.5,1.8,2.7,23
391,Chandler Parsons\parsoch01,SF,31,ATL,5,0,54,3.3,12,0.278,2.7,9.3,0.286,0.7,2.7,0.25,0,0,,0.7,4,4.7,2,2.7,0.7,2,2,9.3
392,Eric Paschall\pascher01,PF,23,GSW,60,26,1654,6.9,13.9,0.497,0.8,2.8,0.287,6.1,11.1,0.55,3.6,4.6,0.774,1.8,4.2,6,2.8,0.7,0.3,2,2.7,18.2
393,Anžejs Pasečņiks\pasecan01,C,24,WAS,27,0,437,5,9.6,0.526,0,0.2,0,5,9.3,0.54,2.8,4.8,0.586,3.5,5.4,8.8,1.5,0.7,1,2,6.2,12.9
394,Patrick Patterson\pattepa01,PF,30,LAC,59,18,776,4.4,10.8,0.408,3.1,8,0.39,1.3,2.8,0.459,1.6,2,0.814,1.6,5.4,7,1.9,0.3,0.1,1,2.5,13.5
395,Justin Patton\pattoju01,C,22,OKC,5,0,24,6,15,0.4,1.5,6,0.25,4.5,9,0.5,0,0,,1.5,6,7.5,3,0,0,3,6,13.5
396,Chris Paul\paulch01,PG,34,OKC,70,70,2208,7.1,14.5,0.489,1.8,5,0.365,5.3,9.5,0.554,4.1,4.5,0.907,0.4,5.3,5.7,7.7,1.8,0.2,2.6,2.6,20.1
397,Cameron Payne\payneca01,PG,25,PHO,8,0,183,6.5,13.4,0.485,3,5.7,0.517,3.5,7.7,0.462,1.2,1.4,0.857,0.8,5.3,6.1,4.7,1.6,0.4,2.2,3.9,17.1
398,Elfrid Payton\paytoel01,PG,25,NYK,45,36,1246,5.6,12.7,0.439,0.4,2,0.203,5.2,10.7,0.482,1.4,2.5,0.57,1.5,4.6,6.1,9.3,2,0.5,2.8,2.6,13
399,Gary Payton II\paytoga02,PG,27,WAS,29,17,432,4,9.7,0.414,1.1,3.8,0.283,2.9,5.8,0.5,0.3,0.7,0.5,2.2,4.5,6.7,4,2.7,0.6,1.7,4.5,9.4
400,Norvel Pelle\pelleno01,C,26,PHI,24,0,232,3.9,7.4,0.521,0,0.2,0,3.9,7.3,0.532,1.1,2.2,0.5,3.1,8.1,11.2,1.2,0.5,4.8,2.8,8.5,8.8
401,Theo Pinson\pinsoth01,SG,24,BRK,33,0,365,4.4,15.3,0.29,1.5,7.9,0.188,3,7.4,0.4,1.5,1.6,0.938,1,4.3,5.3,5.5,1.7,0.4,3.3,3.5,11.8
402,Mason Plumlee\plumlma01,C,29,DEN,61,1,1057,6,9.8,0.615,0,0.2,0,6,9.6,0.625,2.8,5.3,0.535,3.3,7.5,10.8,5.2,1.1,1.3,2.8,4.9,14.9
403,Jakob Poeltl\poeltja01,C,24,SAS,66,18,1171,5.1,8.2,0.624,0,0,,5.1,8.2,0.624,1.2,2.6,0.465,4,7.5,11.5,3.6,1.1,2.9,1.7,3.9,11.4
404,Vincent Poirier\poirivi01,C,26,BOS,22,0,130,4.7,10,0.472,0.3,0.6,0.5,4.4,9.4,0.471,1.7,1.9,0.857,3.6,8.3,11.9,2.2,0.6,2.5,2.2,6.9,11.4
405,Shamorie Ponds\pondssh01,PG,21,TOR,4,0,11,9.8,16.4,0.6,3.3,6.5,0.5,6.5,9.8,0.667,6.5,6.5,1,0,3.3,3.3,6.5,0,3.3,0,6.5,29.5
406,Jordan Poole\poolejo01,SG,20,GSW,57,14,1274,4.7,14.2,0.333,2.1,7.5,0.279,2.6,6.7,0.392,2.7,3.4,0.798,0.3,3.1,3.3,3.8,1,0.3,2.1,2.7,14.2
407,Kevin Porter Jr.\porteke02,SF,19,CLE,50,3,1162,5.8,13,0.442,1.6,4.9,0.335,4.1,8.1,0.506,2.3,3.1,0.723,0.7,4.3,5,3.4,1.4,0.4,2.9,4.2,15.4
408,Michael Porter Jr.\portemi01,PF,21,DEN,55,8,903,7.8,15.3,0.509,2.5,5.9,0.422,5.3,9.4,0.564,2.4,2.9,0.833,2.6,7.7,10.3,1.8,1.1,1,2,4,20.4
409,Otto Porter\porteot01,SF,26,CHI,14,9,331,6.7,15.2,0.443,2.6,6.7,0.387,4.1,8.5,0.487,2.1,2.9,0.704,1.4,3.8,5.2,2.7,1.6,0.7,1.2,3.4,18.2
410,Bobby Portis\portibo01,C,24,NYK,66,5,1393,6.8,15.2,0.45,1.7,4.8,0.358,5.1,10.4,0.493,1.8,2.4,0.763,2.1,6.7,8.7,2.5,0.8,0.5,1.9,2.8,17.3
411,Kristaps Porziņģis\porzikr01,PF,24,DAL,57,57,1814,7.9,18.5,0.427,2.8,8,0.352,5.1,10.5,0.484,4.5,5.6,0.799,2,8.7,10.7,2,0.8,2.3,1.8,3.7,23.1
412,Dwight Powell\poweldw01,C,28,DAL,40,37,1061,5,7.8,0.638,0.3,1.3,0.256,4.6,6.4,0.716,2.5,3.8,0.667,2.5,5.2,7.7,2,1.2,0.7,1.2,3.5,12.8
413,Norman Powell\powelno01,SG,26,TOR,52,26,1479,7.2,14.6,0.495,2.7,6.6,0.399,4.6,7.9,0.575,3.1,3.7,0.843,0.6,4,4.6,2.2,1.5,0.5,1.9,2.6,20.2
414,Chasson Randle\randlch01,PG,26,GSW,3,0,40,0,3.6,0,0,1.8,0,0,1.8,0,4.5,5.4,0.833,0,1.8,1.8,4.5,1.8,0,0,2.7,4.5
415,Julius Randle\randlju01,PF,25,NYK,64,64,2080,8,17.4,0.46,1.1,4,0.277,6.9,13.4,0.515,4.5,6.1,0.733,2.6,8.2,10.8,3.4,0.9,0.4,3.3,3.1,21.6
416,Josh Reaves\reavejo02,SG,22,DAL,4,0,28,3.9,11.6,0.333,0,2.6,0,3.9,9,0.429,2.6,2.6,1,1.3,2.6,3.9,3.9,0,0,0,6.4,10.3
417,Cam Reddish\reddica01,SF,20,ATL,58,34,1551,4.9,12.9,0.384,1.9,5.8,0.332,3,7.1,0.428,2.3,2.9,0.802,0.8,4.2,5,2,1.4,0.6,2.2,3.1,14.2
418,J.J. Redick\redicjj01,SG,35,NOP,60,36,1581,6.5,14.4,0.453,4.1,9,0.453,2.4,5.3,0.453,3.8,4.2,0.892,0.2,3.2,3.4,2.7,0.5,0.2,1.7,2.2,20.9
419,Naz Reid\reidna01,C,20,MIN,30,11,495,7.3,17.7,0.412,2.3,7.1,0.33,4.9,10.6,0.466,2.7,3.9,0.698,2.5,6.5,9,2.5,1.4,1.6,1.6,6,19.6
420,Josh Richardson\richajo01,SG,26,PHI,55,53,1693,5.9,13.7,0.43,1.8,5.3,0.341,4.1,8.4,0.486,2.4,3,0.809,0.9,2.8,3.7,3.4,1.1,0.8,2.2,2.9,16.1
421,Austin Rivers\riverau01,SG,27,HOU,68,4,1594,4.8,11.3,0.421,2.2,6.1,0.356,2.6,5.2,0.498,1.8,2.5,0.703,0.6,3.3,4,2.6,1.1,0.2,1.1,2.9,13.5
422,Andre Roberson\roberan03,SG,28,OKC,7,0,87,3.3,12,0.276,1.2,5.8,0.214,2.1,6.2,0.333,0.4,0.8,0.5,2.9,8.3,11.2,1.7,0.4,1.2,0.8,5.4,8.3
423,Duncan Robinson\robindu01,SG,25,MIA,73,68,2166,5.4,11.4,0.47,4.5,10.1,0.446,0.9,1.3,0.654,1.1,1.2,0.931,0.2,3.7,3.9,1.7,0.6,0.3,1.2,3.2,16.3
424,Glenn Robinson III\robingl02,SF,26,TOT,62,52,1786,5.8,11.9,0.486,1.6,4,0.391,4.3,8,0.534,1.5,1.7,0.86,1.6,3.8,5.4,1.9,1.1,0.3,1.1,2,14.7
424,Glenn Robinson III\robingl02,SF,26,GSW,48,48,1516,5.8,12,0.481,1.6,4,0.4,4.2,8,0.522,1.5,1.8,0.851,1.6,3.8,5.4,2,1.1,0.3,1.2,1.9,14.7
424,Glenn Robinson III\robingl02,SF,26,PHI,14,4,270,5.9,11.3,0.518,1.2,3.6,0.333,4.7,7.7,0.603,1.5,1.6,0.917,2,3.9,5.9,1.5,1.2,0.3,0.7,2.4,14.4
425,Jerome Robinson\robinje01,SG,22,TOT,63,6,979,4.2,11.4,0.371,1.8,5.6,0.32,2.4,5.8,0.42,1.5,2.1,0.702,0.5,4.3,4.7,3.2,1,0.6,1.8,4.1,11.7
425,Jerome Robinson\robinje01,SG,22,LAC,42,1,476,3.5,10.3,0.338,1.4,5.1,0.284,2,5.2,0.391,0.8,1.4,0.579,0.4,4.2,4.5,3.5,1,0.6,2,4.2,9.2
425,Jerome Robinson\robinje01,SG,22,WAS,21,5,503,4.9,12.5,0.397,2.1,6.2,0.349,2.8,6.3,0.443,2.1,2.7,0.763,0.6,4.4,4.9,2.9,1.1,0.6,1.6,4.1,14.1
426,Justin Robinson\robinju01,PG,22,WAS,9,0,49,3.7,8.8,0.417,2.2,3.7,0.6,1.5,5.1,0.286,0,0,,0.7,2.9,3.7,5.1,0,0.7,2.2,1.5,9.6
427,Mitchell Robinson\robinmi01,C,21,NYK,61,7,1412,6.5,8.7,0.742,0,0,,6.5,8.7,0.742,2.1,3.8,0.568,4.7,6.2,10.9,0.9,1.3,3,0.9,4.9,15
428,Isaiah Roby\robyis01,SF,21,OKC,3,0,11,0,3.3,0,0,0,,0,3.3,0,0,0,,0,6.5,6.5,0,0,0,3.3,3.3,0
429,Rajon Rondo\rondora01,PG,33,LAL,48,3,984,5,12,0.418,1.5,4.6,0.328,3.5,7.4,0.473,1,1.5,0.659,0.8,4.4,5.2,8.8,1.5,0.1,3.3,2.1,12.5
430,Derrick Rose\rosede01,PG,31,DET,50,15,1298,10.2,20.9,0.49,1.2,4.1,0.306,9,16.8,0.535,3.4,3.9,0.871,0.7,2.6,3.4,7.7,1.1,0.4,3.5,1.4,25.1
431,Terrence Ross\rosste01,SG,28,ORL,69,0,1889,6.5,16.1,0.403,3.4,9.6,0.351,3.1,6.5,0.48,3,3.5,0.853,0.2,4,4.2,1.6,1.5,0.5,1.3,2.1,19.4
432,Terry Rozier\roziete01,PG,25,CHO,63,63,2164,6.6,15.7,0.423,2.9,7,0.407,3.8,8.6,0.436,2.8,3.2,0.874,0.8,3.8,4.6,4.3,1,0.2,2.3,2.1,18.9
433,Ricky Rubio\rubiori01,PG,29,PHO,65,65,2016,5.1,12.4,0.415,1.4,3.9,0.361,3.7,8.5,0.439,3.5,4,0.863,0.8,4.6,5.4,10.2,1.7,0.2,3.1,3,15.1
434,D'Angelo Russell\russeda01,PG,23,TOT,45,45,1452,8.9,21,0.426,3.9,10.7,0.367,5,10.3,0.487,4,4.9,0.809,0.4,4,4.4,7.1,1.2,0.3,3.6,2.1,25.8
434,D'Angelo Russell\russeda01,PG,23,GSW,33,33,1060,9.3,21.6,0.43,4.1,10.9,0.374,5.2,10.7,0.487,3.8,4.9,0.785,0.5,3.7,4.1,7,1.1,0.3,3.4,2.2,26.5
434,D'Angelo Russell\russeda01,PG,23,MIN,12,12,392,8,19.4,0.412,3.5,10.1,0.345,4.5,9.3,0.485,4.4,5.1,0.873,0.3,4.8,5.1,7.3,1.6,0.4,4.2,2,23.9
435,Domantas Sabonis\sabondo01,PF,23,IND,62,62,2159,7.6,14.1,0.54,0.3,1.1,0.254,7.4,13,0.565,3.6,4.9,0.723,3.2,9.7,12.9,5.2,0.8,0.5,2.8,3.3,19.1
436,Luka Šamanić\samanlu01,PF,20,SAS,3,1,48,3.7,12,0.313,2.3,6,0.375,1.5,6,0.25,2.3,3,0.75,0.7,6.8,7.5,4.5,0,1.5,1.5,4.5,12
437,JaKarr Sampson\sampsja02,SF,26,IND,34,12,471,5.2,8.8,0.591,0.2,1,0.154,5,7.8,0.647,1.4,2.1,0.667,1.5,5.2,6.7,1.6,1.2,0.9,1.1,4.9,11.9
438,Dario Šarić\saricda01,PF,25,PHO,66,51,1632,5.6,11.9,0.476,1.9,5.2,0.357,3.8,6.7,0.568,2.4,2.8,0.844,2.2,6.8,9,2.7,0.8,0.4,1.9,3.4,15.5
439,Tomáš Satoranský\satorto01,PG,28,CHI,65,64,1878,4.5,10.6,0.43,1.2,3.8,0.322,3.3,6.7,0.491,2,2.3,0.876,1.5,3.4,4.9,6.8,1.5,0.1,2.5,2.6,12.3
440,Admiral Schofield\schofad01,SF,22,WAS,33,2,368,3.4,9,0.38,1.9,6,0.311,1.6,3,0.516,1,1.5,0.667,0.7,3.9,4.6,1.5,0.8,0.4,0.7,4.9,9.7
441,Dennis Schröder\schrode01,PG,26,OKC,65,2,1999,8.2,17.4,0.469,2.3,5.9,0.385,5.9,11.5,0.513,3.6,4.3,0.839,0.3,3.9,4.3,4.7,0.8,0.3,3,2.6,22.1
442,Mike Scott\scottmi01,PF,31,PHI,68,11,1207,4.4,10.4,0.426,2.4,6.5,0.369,2.1,4,0.519,0.9,1.1,0.811,1.9,5.5,7.4,1.7,0.6,0.1,0.8,2.9,12.2
443,Thabo Sefolosha\sefolth01,PF,35,HOU,41,0,436,3.1,7.5,0.407,1.2,4.5,0.278,1.8,3.1,0.595,0.2,0.7,0.375,1.7,5.9,7.7,2.1,2,1,1.2,3.6,7.6
444,Collin Sexton\sextoco01,SG,21,CLE,65,65,2143,8.6,18.2,0.472,1.6,4.3,0.38,7,14,0.501,3.8,4.5,0.846,1,2.4,3.4,3.2,1.1,0.1,2.7,2.4,22.7
445,Landry Shamet\shamela01,SG,22,LAC,53,30,1452,3.9,9.7,0.404,2.8,7.3,0.375,1.2,2.4,0.495,1.6,1.9,0.855,0.1,2.3,2.5,2.5,0.5,0.2,1,3.5,12.2
446,Marial Shayok\shayoma01,SG,24,PHI,4,0,28,3.9,15.4,0.25,2.6,7.7,0.333,1.3,7.7,0.167,3.9,5.1,0.75,1.3,7.7,9,1.3,0,1.3,3.9,5.1,14.1
447,Iman Shumpert\shumpim01,SG,29,BRK,13,0,241,3.1,9.6,0.328,1.2,4.9,0.242,1.9,4.6,0.419,0.6,1,0.571,1.3,3.7,5.1,1.8,1.8,0.3,1.5,3.1,8.1
448,Pascal Siakam\siakapa01,PF,25,TOR,60,60,2110,8.5,18.8,0.453,2.2,6.2,0.359,6.3,12.6,0.499,4.1,5.2,0.792,1.1,6.4,7.5,3.5,1,0.9,2.5,2.9,23.4
449,Chris Silva\silvach01,PF,23,MIA,44,0,346,5,8.1,0.615,0,0.3,0,5,7.8,0.64,3.8,5.7,0.673,6.2,6.9,13.1,2.4,0.9,2.2,3.3,8.8,13.8
450,Ben Simmons\simmobe01,PG,23,PHI,57,57,2017,6.7,11.5,0.58,0,0.1,0.286,6.7,11.4,0.583,3.3,5.3,0.621,2,5.9,7.9,8.1,2.1,0.6,3.6,3.3,16.7
451,Anfernee Simons\simonan01,SG,20,POR,70,4,1449,5.3,13.3,0.399,1.9,5.6,0.332,3.5,7.7,0.448,1.9,2.3,0.826,0.6,3.2,3.8,2.4,0.6,0.2,1.5,3.4,14.4
452,Alen Smailagić\smailal01,PF,19,GSW,14,0,139,5.2,10.4,0.5,0.8,3.4,0.231,4.4,7,0.63,4.1,4.9,0.842,2.6,4.4,7,3.4,0.8,1,2.8,3.6,15.3
453,Marcus Smart\smartma01,SG,25,BOS,60,40,1919,4.8,12.8,0.375,2.6,7.4,0.347,2.2,5.4,0.415,2.4,2.9,0.836,0.8,3.4,4.2,5.5,1.9,0.5,1.9,3,14.6
454,Dennis Smith Jr.\smithde03,PG,22,NYK,34,3,537,4.8,14.1,0.341,1.1,3.6,0.296,3.8,10.5,0.357,1.8,3.6,0.509,1.4,3.8,5.2,6.6,1.9,0.5,3.9,4.4,12.5
455,Ish Smith\smithis01,PG,31,WAS,68,23,1787,6.2,13.9,0.447,1.2,3.4,0.367,5,10.5,0.473,1.2,1.7,0.721,0.6,3.8,4.4,6.7,1.2,0.6,1.9,2.1,14.9
456,J.R. Smith\smithjr01,SG,34,LAL,6,0,79,3.2,10,0.318,0.5,5,0.091,2.7,5,0.545,0.9,0.9,1,0,2.3,2.3,1.4,0.5,0,1.8,2.3,7.7
457,Zhaire Smith\smithzh01,SG,20,PHI,7,0,32,3.4,12.4,0.273,0,3.4,0,3.4,9,0.375,2.3,4.5,0.5,0,2.3,2.3,2.3,3.4,0,2.3,4.5,9
458,Tony Snell\snellto01,SF,28,DET,59,57,1641,3.7,8.4,0.445,2.2,5.6,0.402,1.5,2.8,0.531,0.7,0.7,1,0.2,2.2,2.4,2.8,0.7,0.3,0.7,2.2,10.4
459,Omari Spellman\spellom01,PF,22,GSW,49,3,886,5.2,12,0.431,1.7,4.5,0.391,3.4,7.5,0.454,3,3.7,0.793,3.1,5.8,8.9,1.9,1.3,1,2.2,2.6,15
460,Max Strus\strusma01,SG,23,CHI,2,0,6,12,18,0.667,0,6,0,12,12,1,6,6,1,6,0,6,0,0,0,0,6,30
461,Edmond Sumner\sumneed01,PG,24,IND,31,3,447,4.9,11.4,0.43,1.1,4.3,0.264,3.8,7.2,0.528,1.3,2.3,0.552,0.9,2.8,3.7,4.4,1.2,0.7,1.8,3.5,12.2
462,Caleb Swanigan\swanica01,PF,22,TOT,27,1,288,3.5,5.9,0.596,0,0.2,0,3.5,5.6,0.622,1.1,2.1,0.529,3.4,9.1,12.5,3.9,0.4,0.9,4.6,7.7,8.1
462,Caleb Swanigan\swanica01,PF,22,SAC,7,0,23,3.1,6.3,0.5,0,0,,3.1,6.3,0.5,1.6,3.1,0.5,3.1,7.8,11,3.1,1.6,3.1,9.4,12.5,7.8
462,Caleb Swanigan\swanica01,PF,22,POR,20,1,265,3.5,5.8,0.605,0,0.3,0,3.5,5.6,0.634,1.1,2,0.533,3.4,9.2,12.6,3.9,0.3,0.7,4.2,7.3,8.2
463,Jayson Tatum\tatumja01,PF,21,BOS,66,66,2265,8.8,19.5,0.45,3,7.5,0.403,5.8,12,0.48,4,5,0.812,1,6.3,7.3,3.2,1.5,0.9,2.5,2.2,24.6
464,Jeff Teague\teaguje01,PG,31,TOT,59,17,1464,5.2,12,0.436,1.1,2.9,0.368,4.2,9.1,0.457,4.2,4.8,0.873,0.7,2.8,3.5,7.6,1.1,0.5,2.9,2.6,15.8
464,Jeff Teague\teaguje01,PG,31,MIN,34,13,945,5.5,12.3,0.448,1.3,3.3,0.379,4.3,9,0.473,4.8,5.5,0.868,0.6,2.8,3.4,7.9,1,0.5,2.9,2.7,17.1
464,Jeff Teague\teaguje01,PG,31,ATL,25,4,519,4.7,11.4,0.412,0.7,2.1,0.333,4,9.4,0.43,3.3,3.7,0.887,0.8,2.9,3.7,6.9,1.3,0.4,2.8,2.5,13.4
465,Garrett Temple\templga01,SG,33,BRK,62,35,1730,4.6,12.2,0.378,2.6,8,0.329,2,4.2,0.473,1.5,1.8,0.805,0.6,3.9,4.5,3.2,1,0.6,1.3,2.2,13.3
466,Daniel Theis\theisda01,C,27,BOS,65,64,1566,5.5,9.8,0.566,0.7,2.2,0.333,4.8,7.6,0.633,2,2.6,0.763,3.2,6.6,9.8,2.6,0.9,1.9,1.2,5,13.8
467,Isaiah Thomas\thomais02,PG,30,WAS,40,37,925,6.8,16.6,0.408,3,7.4,0.413,3.7,9.2,0.405,2.4,3,0.816,0.4,2.2,2.6,5.7,0.5,0.2,3,3,19
468,Khyri Thomas\thomakh01,SG,23,DET,8,0,61,3,10,0.294,3,8.3,0.357,0,1.8,0,1.2,2.4,0.5,0.6,0,0.6,1.8,1.8,0,1.8,5.3,10
469,Lance Thomas\thomala01,SF,31,BRK,7,4,98,2.9,8.4,0.348,1.5,4.8,0.308,1.5,3.7,0.4,1.5,1.5,1,0.7,4,4.8,2.2,0,0,2.2,4,8.8
470,Matt Thomas\thomama02,SG,25,TOR,41,1,440,6,12.3,0.487,3.8,8.1,0.475,2.1,4.2,0.51,0.7,1,0.75,0.7,4.3,5,1.8,0.8,0.1,1.3,3.1,16.5
471,Tristan Thompson\thomptr01,C,28,CLE,57,51,1721,6,11.8,0.512,0.2,0.5,0.391,5.8,11.3,0.518,2.1,3.4,0.615,4.7,7.3,12.1,2.5,0.7,1,2.2,2.6,14.3
472,Sindarius Thornwell\thornsi01,SG,25,NOP,2,0,35,6.2,11.3,0.545,2.1,4.1,0.5,4.1,7.2,0.571,2.1,4.1,0.5,0,4.1,4.1,4.1,1,1,2.1,2.1,16.5
473,Matisse Thybulle\thybuma01,SG,22,PHI,65,14,1287,3.1,7.4,0.423,1.6,4.4,0.357,1.6,3,0.519,0.7,1.1,0.61,1.2,1.8,3,2.2,2.6,1.3,1.4,3.9,8.5
474,Anthony Tolliver\tollian01,PF,34,TOT,55,13,872,2.7,7.5,0.357,2,6,0.338,0.7,1.5,0.432,0.9,1.2,0.724,1.4,5,6.4,1.7,0.8,0.5,1.4,3.1,8.3
474,Anthony Tolliver\tollian01,PF,34,POR,33,9,554,2.8,7.6,0.368,1.9,5.8,0.337,0.8,1.8,0.464,0.8,1.2,0.684,1.8,5.4,7.1,1.9,0.5,0.6,1.4,3.5,8.4
474,Anthony Tolliver\tollian01,PF,34,SAC,9,0,82,1.3,7.5,0.176,0.9,6.6,0.133,0.4,0.9,0.5,0.4,0.9,0.5,0.9,4,4.8,1.3,1.8,0.4,1.8,2.6,4
474,Anthony Tolliver\tollian01,PF,34,MEM,13,4,236,2.9,7.3,0.396,2.6,6.3,0.415,0.3,1.1,0.286,1.1,1.2,0.875,0.8,4.3,5,1.5,1.1,0.2,1.4,2.1,9.5
475,Juan Toscano-Anderson\toscaju01,SF,26,GSW,13,6,272,3.8,8.3,0.46,1.1,3,0.348,2.8,5.3,0.525,0.4,0.7,0.6,1.2,5.7,6.9,3.4,1.7,0.7,2.1,4,9.1
476,Karl-Anthony Towns\townska01,C,24,MIN,35,35,1187,9.6,18.9,0.508,3.5,8.4,0.412,6.1,10.5,0.586,5.5,6.9,0.796,2.9,8.6,11.5,4.6,1,1.3,3.3,3.5,28.1
477,Gary Trent Jr.\trentga02,SG,21,POR,61,8,1332,5.3,11.9,0.444,3,7.2,0.418,2.3,4.7,0.486,1,1.2,0.822,0.7,2,2.7,1.6,1.3,0.4,0.6,2.4,14.6
478,Allonzo Trier\trieral01,PG,24,NYK,24,1,291,6.3,13.1,0.481,2.4,6.6,0.358,4,6.6,0.604,4.2,5.3,0.791,0.7,2.8,3.6,3.5,0.4,0.5,2.7,3.6,19.2
479,P.J. Tucker\tuckepj01,PF,34,HOU,72,72,2467,2.6,6.2,0.415,1.6,4.4,0.358,1,1.9,0.551,0.6,0.7,0.813,1.6,5.3,6.9,1.7,1.1,0.5,1.1,3.3,7.3
480,Rayjon Tucker\tuckera01,SG,22,UTA,20,0,161,4.5,9.6,0.465,0.7,3.8,0.176,3.8,5.8,0.654,4.2,5.1,0.826,0.7,3.8,4.5,1.1,0.2,0.2,1.8,2.2,13.9
481,Evan Turner\turneev01,PG,31,ATL,19,0,251,3.6,9.6,0.373,0,0.7,0,3.6,8.9,0.403,1.7,2,0.857,1.1,4.3,5.5,5.5,1.3,1.1,3.7,2.9,8.9
482,Myles Turner\turnemy01,C,23,IND,62,62,1826,5.3,11.6,0.457,1.7,4.9,0.344,3.6,6.6,0.54,2.5,3.3,0.751,1.7,6.3,8,1.4,0.9,2.6,1.7,3.3,14.8
483,Jarrod Uthoff\uthofja01,SF,26,TOT,7,0,53,4.8,12.2,0.389,2,6.1,0.333,2.7,6.1,0.444,1.4,1.4,1,1.4,2.7,4.1,0,0.7,0,0,1.4,12.9
483,Jarrod Uthoff\uthofja01,SF,26,MEM,4,0,14,2.6,18,0.143,0,10.3,0,2.6,7.7,0.333,5.1,5.1,1,2.6,0,2.6,0,2.6,0,0,2.6,10.3
483,Jarrod Uthoff\uthofja01,SF,26,WAS,3,0,39,5.5,10.2,0.545,2.8,4.6,0.6,2.8,5.5,0.5,0,0,,0.9,3.7,4.6,0,0,0,0,0.9,13.8
484,Jonas Valančiūnas\valanjo01,C,27,MEM,70,70,1845,8.4,14.4,0.585,0.6,1.8,0.352,7.8,12.6,0.617,2.9,3.9,0.74,4.2,11.2,15.4,2.6,0.6,1.5,2.5,3.6,20.4
485,Denzel Valentine\valende01,SF,26,CHI,36,5,488,7.2,17.5,0.409,3.4,10.1,0.336,3.8,7.4,0.51,0.4,0.6,0.75,0.7,4.8,5.5,3.2,1.9,0.4,1.9,3.8,18.1
486,Jarred Vanderbilt\vandeja01,SF-PF,20,TOT,11,0,46,3.9,6.3,0.625,0,0.8,0,3.9,5.5,0.714,1.6,1.6,1,2.3,4.7,7,1.6,2.3,0.8,5.5,4.7,9.4
486,Jarred Vanderbilt\vandeja01,SF,20,DEN,9,0,41,4.4,6.1,0.714,0,0,,4.4,6.1,0.714,0,0,,2.6,4.4,7,1.8,2.6,0.9,6.1,5.3,8.8
486,Jarred Vanderbilt\vandeja01,PF,20,MIN,2,0,5,0,7.2,0,0,7.2,0,0,0,,14.4,14.4,1,0,7.2,7.2,0,0,0,0,0,14.4
487,Fred VanVleet\vanvlfr01,PG,25,TOR,54,54,1928,6,14.4,0.413,2.7,7,0.39,3.2,7.5,0.434,3.1,3.7,0.848,0.3,3.5,3.8,6.7,1.9,0.3,2.3,2.5,17.8
488,Gabe Vincent\vincega01,PG,23,MIA,9,0,83,3.5,16,0.216,2.6,11.7,0.222,0.9,4.3,0.2,0,0,,0,2.2,2.2,2.6,2.2,0,0.4,2.6,9.5
489,Noah Vonleh\vonleno01,C-PF,24,TOT,36,1,377,5,8.8,0.565,0.3,1.4,0.2,4.7,7.4,0.636,2.4,3.1,0.781,3.5,8.3,11.8,2.7,1.1,0.6,2,3.8,12.6
489,Noah Vonleh\vonleno01,C,24,MIN,29,1,347,4.9,8.9,0.547,0.2,1.5,0.143,4.7,7.5,0.625,2.4,2.9,0.821,3.5,8.5,12,2.7,1.1,0.6,2,3.7,12.3
489,Noah Vonleh\vonleno01,PF,24,DEN,7,0,30,6,7.2,0.833,1.2,1.2,1,4.8,6,0.8,2.4,4.8,0.5,3.6,6,9.6,2.4,0,0,2.4,4.8,15.6
490,Nikola Vučević\vucevni01,C,29,ORL,62,62,1998,8.9,18.6,0.477,1.8,5.2,0.339,7.1,13.4,0.531,2.4,3,0.784,2.5,9.6,12.1,4,1,0.8,1.6,2.4,21.9
491,Dean Wade\wadede01,PF,23,CLE,12,0,71,4.6,6.6,0.692,1,2,0.5,3.5,4.6,0.778,0,0.5,0,1.5,8.1,9.6,1,1,2,1.5,4.1,10.1
492,Moritz Wagner\wagnemo01,C,22,WAS,45,5,835,6.3,11.5,0.545,1.1,3.4,0.313,5.2,8,0.645,3.4,4.1,0.821,2.4,7,9.4,2.4,1.2,0.8,2.8,6.6,16.9
493,Dion Waiters\waitedi01,SG,28,TOT,10,0,207,7.1,17.2,0.414,2.6,8.2,0.319,4.5,9,0.5,2.4,3,0.824,0.3,3.8,4.2,3.5,0.7,1,2.8,3.7,19.3
493,Dion Waiters\waitedi01,SG,28,MIA,3,0,42,8.6,22.3,0.385,6.9,14.6,0.471,1.7,7.7,0.222,0,0.9,0,0,9.4,9.4,2.6,0,1.7,2.6,4.3,24
493,Dion Waiters\waitedi01,SG,28,LAL,7,0,165,6.8,15.9,0.425,1.5,6.5,0.233,5.2,9.4,0.558,3.1,3.5,0.875,0.4,2.4,2.8,3.7,0.9,0.9,2.8,3.5,18.1
494,Kemba Walker\walkeke02,PG,29,BOS,56,56,1742,7.8,18.4,0.425,3.7,9.8,0.381,4.1,8.6,0.476,4.3,5,0.864,0.7,3.7,4.5,5.5,1,0.6,2.4,1.9,23.7
495,Lonnie Walker\walkelo01,SG,21,SAS,61,12,988,5.5,13,0.426,1.5,3.7,0.406,4,9.3,0.434,1.6,2.2,0.721,0.8,4.2,5.1,2.5,1.2,0.5,1.6,2.8,14.2
496,Tyrone Wallace\wallaty01,SG,25,ATL,14,0,160,3.2,9.9,0.318,0.2,3.4,0.067,2.9,6.5,0.448,2.5,3.8,0.647,0.7,4.3,5,2.9,1.6,0.2,2.3,4.3,9
497,Taurean Prince\princta02,SF,25,BRK,64,61,1857,5.4,14.3,0.376,2.8,8.4,0.339,2.6,6,0.429,1.4,1.7,0.798,1,6.4,7.4,2.2,1.1,0.5,2.5,3.1,15
498,Derrick Walton\waltode01,PG,24,TOT,26,1,248,2.6,5.7,0.462,1.5,3.5,0.417,1.2,2.2,0.533,1,1.3,0.778,0.3,2,2.3,3.9,1,0,0.7,3,7.7
498,Derrick Walton\waltode01,PG,24,LAC,23,1,222,2.8,5.8,0.472,1.5,3.4,0.429,1.3,2.4,0.533,1.1,1.5,0.778,0.3,2.1,2.4,3.6,0.6,0,0.6,3.1,8.1
498,Derrick Walton\waltode01,PG,24,DET,3,0,26,1.4,4.2,0.333,1.4,4.2,0.333,0,0,,0,0,,0,1.4,1.4,6.9,4.2,0,1.4,2.8,4.2
499,Brad Wanamaker\wanambr01,PG,30,BOS,71,1,1369,4.3,9.5,0.448,1,2.7,0.363,3.3,6.8,0.481,3.3,3.6,0.926,0.6,3.2,3.8,4.7,1.6,0.4,2,3.5,12.8
500,T.J. Warren\warretj01,SF,26,IND,67,67,2202,8.7,16.3,0.536,1.5,3.7,0.403,7.2,12.6,0.575,2.7,3.3,0.819,1.1,3.5,4.6,1.6,1.3,0.6,1.4,3.1,21.7
501,P.J. Washington\washipj01,PF,21,CHO,58,57,1759,5.5,12.1,0.455,1.8,4.7,0.374,3.7,7.3,0.507,1.8,2.8,0.647,1.2,5.3,6.5,2.5,1,0.9,1.9,3.2,14.5
502,Yuta Watanabe\watanyu01,SG,25,MEM,18,0,105,5.1,11.7,0.441,1,2.7,0.375,4.1,8.9,0.462,1,2.7,0.375,2.4,4.5,6.9,1.7,1.7,0.3,0.7,3.1,12.3
503,Tremont Waters\watertr01,PG,22,BOS,11,1,119,4.2,14.8,0.286,1.2,7.3,0.167,3,7.6,0.4,2.4,2.4,1,0,3.6,3.6,4.8,3,0.6,4.5,3.9,12.1
504,Paul Watson\watsopa01,SF-SG,25,TOT,10,0,87,4.1,10.8,0.385,1.7,5,0.333,2.5,5.8,0.429,2.9,3.7,0.778,0.8,6.2,7,3.3,1.7,0.4,1.2,2.1,12.8
504,Paul Watson\watsopa01,SG,25,ATL,2,0,17,0,14.8,0,0,6.4,0,0,8.5,0,0,0,,0,4.2,4.2,6.4,2.1,0,0,2.1,0
504,Paul Watson\watsopa01,SF,25,TOR,8,0,70,5.1,9.8,0.526,2.1,4.6,0.444,3.1,5.1,0.6,3.6,4.6,0.778,1,6.7,7.7,2.6,1.5,0.5,1.5,2.1,15.9
505,Quinndary Weatherspoon\weathqu01,SG,23,SAS,11,0,78,2.3,7.8,0.294,0.5,2.3,0.2,1.8,5.5,0.333,0.5,0.9,0.5,0.5,2.8,3.2,5.1,1.4,0.5,2.3,3.7,5.5
506,Russell Westbrook\westbru01,PG,31,HOU,57,57,2049,10.6,22.5,0.472,1,3.7,0.258,9.6,18.8,0.514,5.1,6.7,0.763,1.8,6.2,7.9,7,1.6,0.4,4.5,3.5,27.3
507,Coby White\whiteco01,SG,19,CHI,65,1,1674,6.7,17,0.394,2.9,8.1,0.354,3.8,8.9,0.43,2.2,2.8,0.791,0.6,4.3,4.9,3.8,1.1,0.1,2.3,2.5,18.5
508,Derrick White\whitede01,SG,25,SAS,68,20,1677,5.4,11.8,0.458,1.7,4.6,0.366,3.7,7.2,0.518,3.9,4.5,0.853,0.8,4,4.8,5.2,0.9,1.3,1.9,3.3,16.4
509,Hassan Whiteside\whiteha01,C,30,POR,67,61,2008,7.8,12.6,0.621,0.1,0.1,0.571,7.7,12.5,0.622,2.9,4.3,0.686,4.6,11.6,16.2,1.4,0.5,3.5,2.2,3.5,18.6
510,Andrew Wiggins\wiggian01,SF-SG,24,TOT,54,54,1858,8.5,18.9,0.447,2.2,6.5,0.332,6.3,12.5,0.506,3.7,5.2,0.709,1.3,4,5.3,3.8,0.9,1,2.6,2.5,22.8
510,Andrew Wiggins\wiggian01,SF,24,MIN,42,42,1455,8.7,19.5,0.444,2.3,6.8,0.331,6.4,12.7,0.505,3.7,5.1,0.72,1.2,4.2,5.4,3.8,0.7,0.9,2.6,2.5,23.3
510,Andrew Wiggins\wiggian01,SG,24,GSW,12,12,403,7.7,16.8,0.457,1.8,5.3,0.339,5.9,11.5,0.512,3.7,5.4,0.672,1.6,3.3,4.9,3.8,1.4,1.5,2.2,2.3,20.8
511,Grant Williams\willigr01,PF,21,BOS,69,5,1043,3,7.3,0.412,0.8,3.3,0.25,2.2,4,0.548,1.3,1.9,0.722,2,4.1,6.1,2.3,1,1.2,1.7,5.6,8.2
512,Johnathan Williams\willijo04,C,24,WAS,15,6,180,3.8,6.8,0.559,0,0.4,0,3.8,6.4,0.594,1.4,2.6,0.538,4.8,8,12.8,1.6,0.2,1.6,1,3.2,9
513,Kenrich Williams\willike04,PF,25,NOP,39,18,832,2.2,6.4,0.347,1.1,4.2,0.258,1.1,2.2,0.52,0.4,1.1,0.346,2.2,5.8,8,2.5,1.2,0.9,1,3.8,5.9
514,Lou Williams\willilo02,SG,33,LAC,65,8,1864,7.6,18.1,0.418,2.1,6.1,0.352,5.4,12,0.451,5.6,6.5,0.861,0.6,3.3,3.9,7,0.8,0.2,3.5,1.5,22.9
515,Marvin Williams\willima02,PF,33,TOT,58,1,1129,3.8,8.5,0.446,1.8,5,0.359,2,3.5,0.568,1.6,1.8,0.86,1,4.9,5.8,1.9,1.1,1,1.1,3.3,10.9
515,Marvin Williams\willima02,PF,33,CHO,41,1,808,4.2,9.4,0.448,2,5.2,0.376,2.2,4.1,0.538,1.9,2.2,0.86,0.7,4.2,4.9,1.8,1.2,1,1.1,3.2,12.3
515,Marvin Williams\willima02,PF,33,MIL,17,0,321,2.8,6.4,0.439,1.3,4.4,0.308,1.5,2,0.722,0.7,0.8,0.857,1.7,6.6,8.3,2.1,1.1,0.9,0.9,3.6,7.6
516,Robert Williams\williro04,C,22,BOS,29,1,388,5.9,8.2,0.727,0,0,,5.9,8.2,0.727,2,3.2,0.647,3.7,8.2,11.9,2.5,2,3.2,1.9,4.7,13.9
517,Nigel Williams-Goss\willini01,PG,25,UTA,10,0,50,3.6,11.5,0.313,1.4,5,0.286,2.2,6.5,0.333,1.4,1.4,1,1.4,2.9,4.3,4.3,2.2,0.7,2.2,4.3,10.1
518,Zion Williamson\willizi01,PF,19,NOP,24,24,668,11.3,19.4,0.583,0.3,0.8,0.429,11,18.6,0.59,6.1,9.6,0.64,3.4,4.6,8.1,2.7,0.9,0.5,3.2,2.3,29.1
519,D.J. Wilson\wilsodj01,PF,23,MIL,37,1,363,5.2,13.1,0.394,1.8,7.2,0.247,3.4,5.9,0.576,1.1,1.8,0.611,1.2,7.9,9.1,2.5,0.3,0.5,1.9,3.3,13.2
520,Justise Winslow\winslju01,SF,23,MIA,11,5,352,5.1,13.2,0.388,0.6,2.8,0.222,4.5,10.4,0.431,1.8,2.8,0.667,1.6,5.8,7.5,4.5,0.7,0.5,2.5,3.9,12.7
521,Christian Wood\woodch01,PF,24,DET,62,12,1325,7.8,13.8,0.567,1.5,3.8,0.386,6.4,10,0.636,4.9,6.6,0.744,2.8,7.8,10.6,1.6,0.9,1.5,2.3,2.7,22
522,Delon Wright\wrighde01,SG,27,DAL,73,5,1570,4.4,9.4,0.462,1.1,2.9,0.37,3.3,6.5,0.504,1.8,2.3,0.77,1.6,4.8,6.4,5.6,1.9,0.5,1.7,2.1,11.6
523,Justin Wright-Foreman\wrighju02,PG,22,UTA,4,0,45,5.6,16,0.35,1.6,8,0.2,4,8,0.5,2.4,3.2,0.75,0,4,4,5.6,1.6,0,2.4,4,15.2
524,Thaddeus Young\youngth01,PF,31,CHI,64,16,1591,6.1,13.6,0.448,1.8,5,0.356,4.3,8.6,0.501,1,1.6,0.583,2.1,5,7.1,2.6,2.1,0.5,2.3,3,14.9
525,Trae Young\youngtr01,PG,21,ATL,60,60,2120,9.3,21.2,0.437,3.5,9.6,0.361,5.8,11.6,0.501,8.2,9.5,0.86,0.5,3.8,4.3,9.5,1.1,0.1,4.9,1.8,30.2
526,Cody Zeller\zelleco01,C,27,CHO,58,39,1341,6.7,12.9,0.524,0.5,2,0.24,6.3,10.8,0.577,3.3,4.8,0.682,4.3,6.7,11,2.4,1.1,0.7,2,3.8,17.2
527,Tyler Zeller\zellety01,C,30,SAS,2,0,4,9,36,0.25,0,0,,9,36,0.25,0,0,,27,9,36,0,0,0,0,0,18
528,Ante Žižić\zizican01,C,23,CLE,22,0,221,6.7,11.7,0.569,0,0,,6.7,11.7,0.569,2.3,3.1,0.737,2.9,7.8,10.8,1,1.1,0.8,1.6,4.4,15.6
529,Ivica Zubac\zubaciv01,C,22,LAC,72,70,1326,6.4,10.5,0.613,0,0.1,0,6.4,10.4,0.616,3.4,4.5,0.747,5.3,9.4,14.7,2.2,0.4,1.8,1.7,4.6,16.2
