Rk,Player,Tm,2019-20,2020-21,2021-22,2022-23,2023-24,2024-25,Signed Using,Guaranteed
1,Stephen Curry\curryst01,GSW,40231758,"$43,006,362 ","$45,780,966 ",,,,Bird Rights,"$129,019,086 "
2,Chris Paul\paulch01,OKC,38506482,"$41,358,814 ","$44,211,146 ",,,,Bird Rights,"$79,865,296 "
3,Russell Westbrook\westbru01,HOU,38178000,"$41,006,000 ","$43,848,000 ","$46,662,000 ",,,Bird Rights,"$123,032,000 "
4,John Wall\walljo01,WAS,37800000,"$40,824,000 ","$43,848,000 ","$46,872,000 ",,,Bird Rights,"$122,472,000 "
5,James Harden\hardeja01,HOU,37800000,"$40,824,000 ","$43,848,000 ","$46,872,000 ",,,Bird Rights,"$122,472,000 "
6,LeBron James\jamesle01,LAL,37436858,"$39,219,565 ","$41,002,273 ",,,,Cap Space,"$76,656,423 "
7,Kevin Durant\duranke01,BRK,37199000,"$39,058,950 ","$40,918,900 ","$42,778,850 ",,,Sign and Trade,"$117,176,850 "
8,Blake Griffin\griffbl01,DET,34234964,"$36,595,996 ","$38,957,028 ",,,,Bird Rights,"$70,830,960 "
9,Kyle Lowry\lowryky01,TOR,33296296,"$30,000,000 ",,,,,Bird Rights,"$63,296,296 "
10,Paul George\georgpa01,LAC,33005556,"$35,450,412 ","$37,895,268 ",,,,Maximum Salary,"$68,455,968 "
11,Klay Thompson\thompkl01,GSW,32742000,"$35,361,360 ","$37,980,720 ","$40,600,080 ","$43,219,440 ",,Bird Rights,"$189,903,600 "
12,Jimmy Butler\butleji01,MIA,32742000,"$34,379,100 ","$36,016,200 ","$37,653,300 ",,,Sign and Trade,"$103,137,300 "
13,Kemba Walker\walkeke02,BOS,32742000,"$34,379,100 ","$36,016,200 ","$37,653,300 ",,,Sign and Trade,"$103,137,300 "
14,Kawhi Leonard\leonaka01,LAC,32742000,"$34,379,100 ","$36,016,200 ",,,,Cap Space,"$67,121,100 "
15,Gordon Hayward\haywago01,BOS,32700690,"$34,187,085 ",,,,,Cap space,"$32,700,690 "
16,Mike Conley\conlemi01,UTA,32511623,"$34,504,132 ",,,,,Cap Space,"$54,938,006 "
17,Kyrie Irving\irvinky01,BRK,31742000,"$33,329,100 ","$34,916,200 ","$36,503,300 ",,,Cap space,"$136,490,600 "
18,Tobias Harris\harrito02,PHI,31034483,"$33,517,241 ","$36,000,000 ","$38,482,759 ","$40,965,517 ",,Bird Rights,"$180,000,000 "
19,Khris Middleton\middlkh01,MIL,30603448,"$33,051,724 ","$35,500,000 ","$37,948,276 ","$40,396,552 ",,Bird Rights,"$137,103,448 "
20,Paul Millsap\millspa01,DEN,30500000,,,,,,Cap space,"$30,500,000 "
21,Damian Lillard\lillada01,POR,29802321,"$31,626,953 ","$43,750,000 ","$47,250,000 ","$50,750,000 ","$54,250,000 ",1st Round Pick,"$257,429,274 "
22,Kevin Love\loveke01,CLE,28900000,"$31,300,000 ","$31,300,000 ","$28,900,000 ",,,Bird Rights,"$120,400,000 "
23,Nikola Vu?evi?\vucevni01,ORL,28000000,"$26,000,000 ","$24,000,000 ","$22,000,000 ",,,Bird Rights,"$100,000,000 "
24,Al Horford\horfoal01,PHI,28000000,"$27,500,000 ","$27,000,000 ","$26,500,000 ",,,Cap Space,"$97,000,000 "
25,DeMar DeRozan\derozde01,SAS,27739975,"$27,739,975 ",,,,,Cap Space,"$27,739,975 "
26,CJ McCollum\mccolcj01,POR,27556959,"$29,354,152 ","$30,864,198 ","$33,333,333 ","$35,802,469 ",,1st Round Pick,"$156,911,111 "
27,Joel Embiid\embiijo01,PHI,27504630,"$29,542,010 ","$31,579,390 ","$33,616,770 ",,,1st Round Pick,"$122,242,800 "
28,Andrew Wiggins\wiggian01,GSW,27504630,"$29,542,010 ","$31,579,390 ","$33,616,770 ",,,1st Round Pick,"$122,242,800 "
29,Kristaps Porzi??is\porzikr01,DAL,27285000,"$29,467,800 ","$31,650,600 ","$33,833,400 ","$36,016,200 ",,Bird Rights,"$122,236,800 "
30,D'Angelo Russell\russeda01,MIN,27285000,"$28,649,250 ","$30,013,500 ","$31,377,750 ",,,Sign and Trade,"$117,325,500 "
31,Otto Porter\porteot01,CHI,27250576,"$28,489,239 ",,,,,Bird Rights,"$27,250,576 "
32,Devin Booker\bookede01,PHO,27250000,"$29,430,000 ","$31,610,000 ","$33,790,000 ","$35,970,000 ",,1st round pick,"$158,050,000 "
33,Karl-Anthony Towns\townska01,MIN,27250000,"$29,430,000 ","$31,610,000 ","$33,790,000 ","$35,970,000 ",,1st Round Pick,"$155,870,000 "
34,Bradley Beal\bealbr01,WAS,27093019,"$28,751,775 ","$34,502,130 ","$37,262,300 ",,,Cap Space,"$90,346,924 "
35,Anthony Davis\davisan02,LAL,27093019,"$28,751,775 ",,,,,1st Round Pick,"$27,093,019 "
36,Andre Drummond\drumman01,CLE,27093019,"$28,751,775 ",,,,,Cap Space,"$27,093,019 "
37,Hassan Whiteside\whiteha01,POR,27093018,,,,,,Cap Space,"$27,093,018 "
38,Nikola Joki?\jokicni01,DEN,26573595,"$28,542,009 ","$30,510,423 ","$32,478,837 ",,,Bird Rights,"$118,104,864 "
39,Jrue Holiday\holidjr01,NOP,26131111,"$26,131,111 ","$27,020,000 ",,,,Bird Rights,"$52,262,222 "
40,LaMarcus Aldridge\aldrila01,SAS,26000000,"$24,000,000 ",,,,,Cap Space,"$50,000,000 "
41,Steven Adams\adamsst01,OKC,25842697,"$27,528,090 ",,,,,1st Round Pick,"$53,370,787 "
42,Giannis Antetokounmpo\antetgi01,MIL,25842697,"$27,528,090 ",,,,,1st Round Pick,"$53,370,787 "
43,Marc Gasol\gasolma01,TOR,25595700,,,,,,Bird Rights,"$25,595,700 "
44,Nicolas Batum\batumni01,CHO,25565217,"$27,130,434 ",,,,,Cap Space,"$25,565,217 "
45,Chandler Parsons\parsoch01,ATL,25102511,,,,,,,"$25,102,511 "
46,Rudy Gobert\goberru01,UTA,25008427,"$26,525,281 ",,,,,1st Round Pick,"$51,533,708 "
47,Harrison Barnes\barneha02,SAC,24147727,"$22,215,909 ","$20,284,091 ","$18,352,273 ",,,Bird Rights,"$85,000,000 "
48,Serge Ibaka\ibakase01,TOR,23271604,,,,,,Cap space,"$23,271,604 "
49,Danilo Gallinari\gallida01,OKC,22615559,,,,,,Sign and Trade,"$22,615,559 "
50,Victor Oladipo\oladivi01,IND,21000000,"$21,000,000 ",,,,,1st Round Pick,"$42,000,000 "
51,Malcolm Brogdon\brogdma01,IND,20000000,"$20,700,000 ","$21,700,000 ","$22,600,000 ",,,Sign and Trade,"$85,000,000 "
52,Terry Rozier\roziete01,CHO,19894737,"$18,900,000 ","$17,905,263 ",,,,Sign and Trade,"$56,700,000 "
53,Aaron Gordon\gordoaa01,ORL,19863636,"$18,136,364 ","$16,409,091 ",,,,Bird Rights,"$54,409,091 "
54,Zach LaVine\lavinza01,CHI,19500000,"$19,500,000 ","$19,500,000 ",,,,Cap space,"$58,500,000 "
55,Kent Bazemore\bazemke01,SAC,19269662,,,,,,Cap Space,"$19,269,662 "
56,Tyler Johnson\johnsty01,PHO,19245370,,,,,,,"$19,245,370 "
57,Goran Dragi?\dragigo01,MIA,19217900,,,,,,Bird Rights,"$19,217,900 "
58,Jeff Teague\teaguje01,ATL,19000000,,,,,,Cap space,"$19,000,000 "
59,Evan Turner\turneev01,MIN,18606557,,,,,,Cap Space,"$18,606,557 "
60,Draymond Green\greendr01,GSW,18539130,"$22,246,956 ","$24,026,712 ","$25,806,469 ","$27,586,225 ",,Bird Rights,"$90,619,267 "
61,Tristan Thompson\thomptr01,CLE,18539130,,,,,,Bird Rights,"$18,539,130 "
62,Tim Hardaway\hardati02,DAL,18150000,"$18,975,000 ",,,,,Cap space,"$18,150,000 "
63,Myles Turner\turnemy01,IND,18000000,"$18,000,000 ","$18,000,000 ","$18,000,000 ",,,1st Round pick,"$72,000,000 "
64,Julius Randle\randlju01,NYK,18000000,"$18,900,000 ","$19,800,000 ",,,,Cap Space,"$40,900,000 "
65,Gary Harris\harriga01,DEN,17839286,"$19,160,714 ","$20,482,143 ",,,,1st Round Pick,"$57,482,143 "
66,Allen Crabbe\crabbal01,MIN,17818456,,,,,,,"$17,818,456 "
67,Derrick Favors\favorde01,NOP,17650000,,,,,,Bird Rights,"$17,650,000 "
68,Reggie Jackson\jacksre01,DET,17286956,,,,,,,"$17,286,956 "
69,Andre Iguodala\iguodan01,MIA,17185185,"$15,000,000 ","$15,000,000 ",,,,Bird Rights,"$32,185,185 "
70,Bojan Bogdanovi?\bogdabo02,UTA,17000000,"$17,850,000 ","$18,700,000 ","$19,550,000 ",,,Cap Space,"$73,100,000 "
71,Evan Fournier\fournev01,ORL,17000000,"$17,000,000 ",,,,,Cap Space,"$17,000,000 "
72,Bismack Biyombo\biyombi01,CHO,17000000,,,,,,Cap Space,"$17,000,000 "
73,Clint Capela\capelca01,ATL,16456522,"$17,500,000 ","$18,543,478 ","$19,586,957 ",,,Bird Rights,"$72,086,957 "
74,Gorgui Dieng\dienggo01,MEM,16229213,"$17,287,640 ",,,,,1st Round Pick,"$33,516,853 "
75,Ricky Rubio\rubiori01,PHO,16190476,"$17,000,000 ","$17,809,524 ",,,,Cap Space,"$51,000,000 "
76,Jonas Valan?i?nas\valanjo01,MEM,16000000,"$15,000,000 ","$14,000,000 ",,,,Bird Rights,"$45,000,000 "
77,Brandon Knight\knighbr03,DET,15643750,,,,,,Bird Rights,"$15,643,750 "
78,Eric Bledsoe\bledser01,MIL,15625000,"$16,875,000 ","$18,125,000 ","$19,375,000 ",,,Bird Rights,"$54,525,000 "
79,Kelly Oubre\oubreke01,PHO,15625000,"$14,375,000 ",,,,,Bird Rights,"$30,000,000 "
80,Dennis Schröder\schrode01,OKC,15500000,"$15,500,000 ",,,,,1st Round Pick,"$31,000,000 "
81,Ian Mahinmi\mahinia01,WAS,15450051,,,,,,Cap Space,"$15,450,051 "
82,James Johnson\johnsja01,MIN,15349400,"$16,047,100 ",,,,,Cap space,"$15,349,400 "
83,Marvin Williams\willima02,CHO,15006250,,,,,,,"$15,006,250 "
84,Bobby Portis\portibo01,NYK,15000000,"$15,750,000 ",,,,,Cap Space,"$15,000,000 "
85,Marcus Morris\morrima03,LAC,15000000,,,,,,Cap Space,"$15,000,000 "
86,Danny Green\greenda02,LAL,14634146,"$15,365,854 ",,,,,Cap Space,"$30,000,000 "
87,Cody Zeller\zelleco01,CHO,14471910,"$15,415,730 ",,,,,1st Round Pick,"$29,887,640 "
88,Eric Gordon\gordoer01,HOU,14057730,"$16,869,276 ","$18,218,818 ","$19,568,360 ","$20,917,902 ",,Cap Space,"$68,714,184 "
89,Mason Plumlee\plumlma01,DEN,14041096,,,,,,Cap space,"$14,041,096 "
90,Rudy Gay\gayru01,SAS,14000000,"$14,000,000 ",,,,,Early Bird Rights,"$28,000,000 "
91,J.J. Redick\redicjj01,NOP,13486300,"$13,013,700 ",,,,,Cap Space,"$26,500,000 "
92,Jordan Clarkson\clarkjo01,UTA,13437500,,,,,,Cap Space,"$13,437,500 "
93,Dewayne Dedmon\dedmode01,ATL,13333334,"$13,333,333 ","$13,333,333 ",,,,Cap space,"$40,000,000 "
94,Solomon Hill\hillso01,MIA,13258781,,,,,,Cap Space,"$13,258,781 "
95,Justise Winslow\winslju01,MEM,13000000,"$13,000,000 ","$13,000,000 ",,,,1st Round Pick,"$26,000,000 "
96,Michael Kidd-Gilchrist\kiddgmi01,CHO,13000000,,,,,,,"$13,000,000 "
97,Will Barton\bartowi01,DEN,12960000,"$13,920,000 ","$14,880,000 ",,,,Bird Rights,"$26,880,000 "
98,Thaddeus Young\youngth01,CHI,12900000,"$13,545,000 ","$14,190,000 ",,,,Cap space,"$32,445,000 "
99,Courtney Lee\leeco01,DAL,12759670,,,,,,Cap Space,"$12,759,670 "
100,Larry Nance\nancela02,CLE,12727273,"$11,709,091 ","$10,690,909 ","$9,672,727 ",,,1st Round pick,"$44,800,000 "
101,Marcus Smart\smartma01,BOS,12553471,"$13,446,428 ","$14,339,285 ",,,,Bird Rights,"$40,339,184 "
102,Terrence Ross\rosste01,ORL,12500000,"$13,500,000 ","$12,500,000 ","$11,500,000 ",,,Bird Rights,"$50,000,000 "
103,Miles Plumlee\plumlmi01,MEM,12500000,,,,,,,"$12,500,000 "
104,Patty Mills\millspa02,SAS,12428571,"$13,285,714 ",,,,,Bird Rights,"$25,714,285 "
105,Patrick Beverley\beverpa01,LAC,12345679,"$13,333,333 ","$14,320,988 ",,,,Bird Rights,"$40,000,000 "
106,Trevor Ariza\arizatr01,POR,12200000,"$12,800,000 ",,,,,Cap Space,"$14,000,000 "
107,Dion Waiters\waitedi01,MEM,12100000,"$12,650,000 ",,,,,,"$24,750,000 "
108,Brook Lopez\lopezbr01,MIL,12093024,"$12,697,675 ","$13,302,325 ","$13,906,976 ",,,Cap Space,"$52,000,000 "
109,Jusuf Nurki?\nurkiju01,POR,12000000,"$12,000,000 ","$12,000,000 ",,,,Bird Rights,"$28,000,000 "
110,Cory Joseph\josepco01,SAC,12000000,"$12,600,000 ","$12,600,000 ",,,,Cap Space,"$24,600,000 "
111,Joe Ingles\inglejo01,UTA,11954546,"$10,863,637 ","$14,000,000 ",,,,Bird Rights,"$36,818,183 "
112,Kelly Olynyk\olynyke01,MIA,11667885,"$12,198,243 ",,,,,Cap space,"$11,667,885 "
113,Maurice Harkless\harklma01,NYK,11511234,,,,,,Cap Space,"$11,511,234 "
114,Tony Snell\snellto01,DET,11392857,"$12,178,571 ",,,,,Cap space,"$11,392,857 "
115,Robert Covington\covinro01,HOU,11301219,"$12,138,345 ","$12,975,471 ",,,,Cap Space,"$36,415,035 "
116,Meyers Leonard\leoname01,MIA,11286515,,,,,,Cap Space,"$11,286,515 "
117,T.J. Warren\warretj01,IND,10810000,"$11,750,000 ","$12,690,000 ",,,,1st Round Pick,"$35,250,000 "
118,Andre Roberson\roberan03,OKC,10740741,,,,,,Bird Rights,"$10,740,741 "
119,Spencer Dinwiddie\dinwisp01,BRK,10600000,"$11,400,000 ","$12,300,000 ",,,,Minimum Salary,"$22,000,000 "
120,Jeremy Lamb\lambje01,IND,10500000,"$10,500,000 ","$10,500,000 ",,,,Cap Space,"$31,500,000 "
121,Dwight Powell\poweldw01,DAL,10259375,"$10,185,185 ","$11,000,000 ","$11,814,815 ",,,Cap Space,"$43,259,375 "
122,Norman Powell\powelno01,TOR,10116576,"$10,865,952 ","$11,615,328 ",,,,Cap Space,"$20,982,528 "
123,Josh Richardson\richajo01,PHI,10100000,"$10,800,000 ","$11,600,000 ",,,,Minimum Salary,"$20,900,000 "
124,Tomáš Satoranský\satorto01,CHI,10000000,"$10,000,000 ","$10,000,000 ",,,,Sign and Trade,"$25,000,000 "
125,DeAndre Jordan\jordade01,BRK,9881598,"$10,375,678 ","$9,881,598 ","$9,821,842 ",,,Cap space,"$39,960,716 "
126,Taj Gibson\gibsota01,NYK,9800000,"$10,290,000 ",,,,,Cap Space,"$9,800,000 "
127,Zion Williamson\willizi01,NOP,9757440,"$10,245,480 ","$10,733,400 ","$13,534,817 ",,,1st Round Pick,"$20,002,920 "
128,Markelle Fultz\fultzma01,ORL,9745200,"$12,288,697 ",,,,,1st Round Pick,"$22,033,897 "
129,John Henson\hensojo01,DET,9732396,,,,,,1st Round Pick,"$9,732,396 "
130,Matthew Dellavedova\dellama01,CLE,9607500,,,,,,Cap Space,"$9,607,500 "
131,Dante Exum\exumda01,CLE,9600000,"$9,600,000 ",,,,,Cap Space,"$18,200,000 "
132,Deandre Ayton\aytonde01,PHO,9562920,"$10,018,200 ","$12,632,950 ",,,,1st Round Pick,"$19,581,120 "
133,Delon Wright\wrighde01,DAL,9473684,"$9,000,000 ","$8,526,316 ",,,,Sign and Trade,"$27,000,000 "
134,Jerami Grant\grantje01,DEN,9346153,"$9,346,153 ",,,,,Bird Rights,"$9,346,153 "
135,Al-Farouq Aminu\aminual01,ORL,9258000,"$9,720,900 ","$10,183,800 ",,,,MLE,"$29,162,700 "
136,George Hill\hillge01,MIL,9133907,"$9,590,602 ","$10,047,297 ",,,,Cap Space,"$21,000,000 "
137,Kyle Anderson\anderky01,MEM,9073050,"$9,505,100 ","$9,937,150 ",,,,MLE,"$28,515,300 "
138,Fred VanVleet\vanvlfr01,TOR,9000000,,,,,,Bird Rights,"$9,000,000 "
139,Ja Morant\moranja01,MEM,8730240,"$9,166,800 ","$9,603,360 ","$12,119,440 ",,,1st Round Pick,"$17,897,040 "
140,C.J. Miles\milescj01,WAS,8730158,,,,,,,"$8,730,158 "
141,Lonzo Ball\balllo01,NOP,8719320,"$11,003,782 ",,,,,1st Round Pick,"$19,723,102 "
142,E'Twaun Moore\mooreet01,NOP,8664928,,,,,,Cap Space,"$8,664,928 "
143,Marvin Bagley\baglema01,SAC,8556120,"$8,963,640 ","$11,312,114 ",,,,1st Round Pick,"$17,519,760 "
144,Bogdan Bogdanovi?\bogdabo01,SAC,8529386,,,,,,Cap space,"$8,529,386 "
145,Tyus Jones\jonesty01,MEM,8408000,"$7,965,100 ","$7,522,200 ",,,,MLE,"$23,895,300 "
146,P.J. Tucker\tuckepj01,HOU,8349039,"$7,969,537 ",,,,,MLE,"$16,318,576 "
147,Cristiano Felício\feliccr01,CHI,8156500,"$7,529,020 ",,,,,Cap space,"$15,685,520 "
148,Ben Simmons\simmobe01,PHI,8113930,"$29,250,000 ","$31,590,000 ","$33,930,000 ","$36,270,000 ","$38,610,000 ",1st Round pick,"$177,763,930 "
149,Kentavious Caldwell-Pope\caldwke01,LAL,8089282,"$8,493,746 ",,,,,Cap Space,"$8,089,282 "
150,Maxi Kleber\klebima01,DAL,8000000,"$8,250,000 ","$8,750,000 ","$9,000,000 ",,,Early Bird Rights,"$25,000,000 "
151,Lou Williams\willilo02,LAC,8000000,"$8,000,000 ",,,,,Cap Space,"$16,000,000 "
152,Elfrid Payton\paytoel01,NYK,8000000,"$8,000,000 ",,,,,Cap Space,"$9,000,000 "
153,Thomas Bryant\bryanth01,WAS,7936508,"$8,333,333 ","$8,730,159 ",,,,Early Bird Rights,"$25,000,000 "
154,RJ Barrett\barrerj01,NYK,7839960,"$8,231,760 ","$8,623,920 ","$10,900,635 ",,,1st Round Pick,"$16,071,720 "
155,Jayson Tatum\tatumja01,BOS,7830000,"$9,897,120 ",,,,,1st Round Pick,"$17,727,120 "
156,Jae Crowder\crowdja01,MIA,7815533,,,,,,Bird Rights,"$7,815,533 "
157,Wayne Ellington\ellinwa01,NYK,7804878,"$8,195,122 ",,,,,Cap Space,"$7,804,878 "
158,Luka Don?i?\doncilu01,DAL,7683360,"$8,049,360 ","$10,174,391 ",,,,1st Round Pick,"$15,732,720 "
159,Joe Harris\harrijo01,BRK,7670000,,,,,,Early Bird Rights,"$7,670,000 "
160,Seth Curry\curryse01,DAL,7441860,"$7,813,953 ","$8,186,047 ","$8,558,140 ",,,MLE,"$32,000,000 "
161,Doug McDermott\mcderdo01,IND,7333334,"$7,333,333 ",,,,,Cap Space,"$14,666,667 "
162,Langston Galloway\gallola01,DET,7333333,,,,,,MLE,"$7,333,333 "
163,Derrick Rose\rosede01,DET,7317073,"$7,682,927 ",,,,,MLE,"$15,000,000 "
164,Brandon Ingram\ingrabr01,NOP,7265485,,,,,,1st Round pick,"$7,265,485 "
165,D.J. Augustin\augusdj01,ORL,7250000,,,,,,Cap Space,"$7,250,000 "
166,Darius Miller\milleda01,NOP,7250000,"$7,000,000 ",,,,,Early Bird Rights,"$7,250,000 "
167,De'Andre Hunter\huntede01,ATL,7068360,"$7,422,000 ","$7,775,400 ","$9,835,881 ",,,1st Round Pick,"$14,490,360 "
168,Josh Jackson\jacksjo02,MEM,7059480,,,,,,1st Round Pick,"$7,059,480 "
169,D?vis Bert?ns\bertada01,WAS,7000000,,,,,,Early Bird Rights,"$7,000,000 "
170,Ersan ?lyasova\ilyaser01,MIL,7000000,"$7,000,000 ",,,,,MLE,"$7,000,000 "
171,Jaren Jackson\jacksja02,MEM,6927480,"$7,257,360 ","$9,180,560 ",,,,1st Round Pick,"$14,184,840 "
172,DeMarre Carroll\carrode01,SAS,6842307,"$6,167,887 ","$1,252,127 ",,,,,"$14,262,321 "
173,Nemanja Bjelica\bjeline01,SAC,6825000,"$7,150,000 ",,,,,Cap Space,"$6,825,000 "
174,Jaylen Brown\brownja02,BOS,6534829,"$22,991,071 ","$24,830,357 ","$26,669,643 ","$28,508,929 ",,1st Round pick,"$109,534,829 "
175,Jabari Parker\parkeja01,SAC,6500000,"$6,500,000 ",,,,,Cap Space,"$6,500,000 "
176,Ivica Zubac\zubaciv01,LAC,6481482,"$7,000,000 ","$7,518,518 ","$7,518,518 ",,,Bird Rights,"$21,000,000 "
177,Joakim Noah\noahjo01,NYK,6431666,"$6,431,666 ","$6,431,666 ",,,,,"$19,294,998 "
178,Darius Garland\garlada01,CLE,6400920,"$6,720,720 ","$7,040,880 ","$8,920,795 ",,,1st Round Pick,"$13,121,640 "
179,De'Aaron Fox\foxde01,SAC,6392760,"$8,099,627 ",,,,,1st Round Pick,"$14,492,387 "
180,Trae Young\youngtr01,ATL,6273000,"$6,571,800 ","$8,326,471 ",,,,1st Round Pick,"$12,844,800 "
181,Montrezl Harrell\harremo01,LAC,6000000,,,,,,Bird Rights,"$6,000,000 "
182,Ish Smith\smithis01,WAS,5853659,"$6,146,341 ",,,,,MLE,"$12,000,000 "
183,Marco Belinelli\belinma01,SAS,5846154,,,,,,MLE,"$5,846,154 "
184,Jarrett Culver\culveja01,MIN,5813640,"$6,104,280 ","$6,395,160 ","$8,109,063 ",,,1st Round Pick,"$11,917,920 "
185,Jonathan Isaac\isaacjo01,ORL,5806440,"$7,362,566 ",,,,,1st Round Pick,"$13,169,006 "
186,Rodney Hood\hoodro01,POR,5718000,"$6,003,900 ",,,,,MLE,"$5,718,000 "
187,Mohamed Bamba\bambamo01,ORL,5697600,"$5,969,040 ","$7,568,742 ",,,,1st Round Pick,"$11,666,640 "
188,Timofey Mozgov\mozgoti01,ORL,5573333,"$5,573,333 ","$5,573,334 ",,,,,"$16,720,000 "
189,Trey Lyles\lylestr01,SAS,5500000,"$5,500,000 ",,,,,MLE,"$5,500,000 "
190,Deron Williams\willide01,BRK,5474787,,,,,,,"$5,474,787 "
191,Aron Baynes\baynear01,PHO,5453280,,,,,,Non-Bird Exception,"$5,453,280 "
192,Kris Dunn\dunnkr01,CHI,5348007,,,,,,1st Round pick,"$5,348,007 "
193,Josh Smith\smithjo03,DET,5331729,,,,,,,"$5,331,729 "
194,Coby White\whiteco01,CHI,5307120,"$5,572,680 ","$5,837,760 ","$7,413,955 ",,,1st Round Pick,"$10,879,800 "
195,Lauri Markkanen\markkla01,CHI,5300400,"$6,731,508 ",,,,,1st Round Pick,"$12,031,908 "
196,Ryan Anderson\anderry01,MIA,5214583,"$5,214,583 ","$5,214,584 ",,,,,"$15,643,750 "
197,Wendell Carter\cartewe01,CHI,5201400,"$5,448,840 ","$6,920,027 ",,,,1st Round Pick,"$10,650,240 "
198,Pau Gasol\gasolpa01,SAS,5100000,,,,,,,"$5,100,000 "
199,Daniel Theis\theisda01,BOS,5000000,"$5,000,000 ",,,,,Early Bird Rights,"$5,000,000 "
200,Luol Deng\denglu01,LAL,4990000,"$4,990,000 ","$4,990,000 ",,,,,"$14,970,000 "
201,Jaxson Hayes\hayesja02,NOP,4862040,"$5,105,160 ","$5,348,280 ","$6,803,012 ",,,1st Round Pick,"$9,967,200 "
202,Buddy Hield\hieldbu01,SAC,4861208,"$24,431,818 ","$22,477,273 ","$20,522,727 ","$18,568,182 ",,1st Round pick,"$90,861,208 "
203,Frank Ntilikina\ntilila01,NYK,4855800,"$6,176,578 ",,,,,1st Round Pick,"$11,032,378 "
204,Ed Davis\davised01,UTA,4767000,"$5,005,350 ",,,,,Room Exception,"$9,772,350 "
205,Richaun Holmes\holmeri01,SAC,4767000,"$5,005,350 ",,,,,Room Exception,"$9,772,350 "
206,Frank Kaminsky\kaminfr01,PHO,4767000,"$5,005,350 ",,,,,Room Exception,"$9,772,350 "
207,Mike Scott\scottmi01,PHI,4767000,"$5,005,350 ",,,,,Room Exception,"$9,772,350 "
208,Avery Bradley\bradlav01,LAL,4767000,"$5,005,350 ",,,,,Room Exception,"$9,772,350 "
209,Robin Lopez\lopezro01,MIL,4767000,"$5,005,350 ",,,,,Room Exception,"$4,767,000 "
210,JaMychal Green\greenja01,LAC,4767000,"$5,005,350 ",,,,,Room Exception,"$4,767,000 "
211,Justin Holiday\holidju01,IND,4767000,,,,,,Room Exception,"$4,767,000 "
212,Garrett Temple\templga01,BRK,4767000,"$5,005,350 ",,,,,Room Exception,"$4,767,000 "
213,Enes Kanter\kanteen01,BOS,4767000,"$5,005,350 ",,,,,Room Exception,"$4,767,000 "
214,Collin Sexton\sextoco01,CLE,4764960,"$4,991,880 ","$6,349,671 ",,,,1st Round Pick,"$9,756,840 "
215,Rodney McGruder\mcgruro01,LAC,4629630,"$5,000,000 ","$5,370,370 ",,,,Cap Space,"$15,000,000 "
216,Rui Hachimura\hachiru01,WAS,4469160,"$4,692,840 ","$4,916,160 ","$6,263,188 ",,,1st Round Pick,"$9,162,000 "
217,Kevon Looney\looneke01,GSW,4464286,"$4,821,429 ","$5,178,572 ",,,,Bird Rights,"$9,285,715 "
218,Dennis Smith\smithde03,NYK,4463640,"$5,686,677 ",,,,,1st Round Pick,"$10,150,317 "
219,Jamal Murray\murraja01,DEN,4444746,"$29,250,000 ","$31,590,000 ","$33,930,000 ","$36,270,000 ","$38,610,000 ",1st Round pick,"$174,094,746 "
220,Kevin Knox\knoxke01,NYK,4380120,"$4,588,680 ","$5,845,978 ",,,,1st Round Pick,"$8,968,800 "
221,Cam Reddish\reddica01,ATL,4245720,"$4,458,000 ","$4,670,160 ","$5,954,454 ",,,1st Round Pick,"$8,703,720 "
222,Zach Collins\colliza01,POR,4240200,"$5,406,255 ",,,,,1st Round Pick,"$9,646,455 "
223,Mikal Bridges\bridgmi01,PHO,4161000,"$4,359,000 ","$5,557,725 ",,,,1st Round Pick,"$8,520,000 "
224,Alex Len\lenal01,SAC,4160000,,,,,,Room Exception,"$4,160,000 "
225,Cameron Johnson\johnsca02,PHO,4033440,"$4,235,160 ","$4,437,000 ","$5,887,899 ",,,1st Round Pick,"$8,268,600 "
226,Malik Monk\monkma01,CHO,4028400,"$5,345,687 ",,,,,1st Round Pick,"$9,374,087 "
227,Dorian Finney-Smith\finnedo01,DAL,4000000,"$4,000,000 ","$4,000,000 ",,,,Bird Rights,"$12,000,000 "
228,JaVale McGee\mcgeeja01,LAL,4000000,"$4,200,000 ",,,,,Cap Space,"$8,200,000 "
229,Patrick McCaw\mccawpa01,TOR,4000000,"$4,000,000 ",,,,,MLE,"$8,000,000 "
230,Reggie Bullock\bullore01,NYK,4000000,"$4,200,000 ",,,,,Room Exception,"$5,000,000 "
231,Shai Gilgeous-Alexander\gilgesh01,OKC,3952920,"$4,141,320 ","$5,495,532 ",,,,1st Round Pick,"$8,094,240 "
232,Nicolò Melli\mellini01,NOP,3902439,"$4,097,561 ",,,,,Room Exception,"$8,000,000 "
233,P.J. Washington\washipj01,CHO,3831840,"$4,023,600 ","$4,215,120 ","$5,808,435 ",,,1st Round Pick,"$7,855,440 "
234,Luke Kennard\kennalu01,DET,3827160,"$5,273,826 ",,,,,1st Round Pick,"$9,100,986 "
235,Miles Bridges\bridgmi02,CHO,3755400,"$3,934,320 ","$5,421,493 ",,,,1st Round Pick,"$7,689,720 "
236,Jakob Poeltl\poeltja01,SAS,3754886,,,,,,1st Round pick,"$3,754,886 "
237,Tyler Herro\herroty01,MIA,3640200,"$3,822,240 ","$4,004,280 ","$5,722,116 ",,,1st Round Pick,"$7,462,440 "
238,Donovan Mitchell\mitchdo01,UTA,3635760,"$5,195,501 ",,,,,1st Round Pick,"$8,831,261 "
239,Stanley Johnson\johnsst04,TOR,3623000,"$3,801,000 ",,,,,Bi-annual Exception,"$3,623,000 "
240,Jake Layman\laymaja01,MIN,3581986,"$3,761,085 ","$3,940,184 ",,,,Sign and Trade,"$11,283,255 "
241,Thon Maker\makerth01,DET,3569643,,,,,,1st Round pick,"$3,569,643 "
242,Jerome Robinson\robinje01,WAS,3567720,"$3,737,520 ","$5,340,916 ",,,,1st Round Pick,"$7,305,240 "
243,Allonzo Trier\trieral01,NYK,3551100,,,,,,,"$3,551,100 "
244,Danuel House\houseda01,HOU,3540000,"$3,717,000 ","$3,894,000 ",,,,MLE,"$11,151,000 "
245,Domantas Sabonis\sabondo01,IND,3529555,"$17,187,500 ","$18,562,500 ","$19,937,500 ","$21,312,500 ",,1st Round pick,"$80,529,555 "
246,Mirza Teletovi?\teletmi01,MIL,3500000,"$3,500,000 ",,,,,,"$7,000,000 "
247,Boban Marjanovi?\marjabo01,DAL,3500000,"$3,500,000 ",,,,,Bi-Annual Exception,"$7,000,000 "
248,T.J. McConnell\mccontj01,IND,3500000,"$3,500,000 ",,,,,Cap Space,"$4,500,000 "
249,DeMarcus Cousins\couside01,LAL,3500000,,,,,,,"$3,500,000 "
250,Taurean Waller-Prince\princta02,BRK,3481986,"$13,942,308 ","$15,057,692 ",,,,1st Round pick,"$32,481,986 "
251,Dario Šari?\saricda01,PHO,3481986,,,,,,1st Round pick,"$3,481,986 "
252,Romeo Langford\langfro01,BOS,3458400,"$3,631,200 ","$3,804,360 ","$5,634,257 ",,,1st Round Pick,"$7,089,600 "
253,Bam Adebayo\adebaba01,MIA,3454080,"$5,115,492 ",,,,,1st Round Pick,"$8,569,572 "
254,Kyle Korver\korveky01,PHO,3440000,,,,,,,"$3,440,000 "
255,Michael Porter\portemi01,DEN,3389400,"$3,550,800 ","$5,258,735 ",,,,1st Round Pick,"$6,940,200 "
256,Denzel Valentine\valende01,CHI,3377569,,,,,,1st Round pick,"$3,377,569 "
257,Juan Hernangómez\hernaju01,MIN,3321030,,,,,,1st Round pick,"$3,321,030 "
258,Sekou Doumbouya\doumbse01,DET,3285120,"$3,449,400 ","$3,613,680 ","$5,539,771 ",,,1st Round Pick,"$6,734,520 "
259,Justin Jackson\jacksju01,DAL,3280920,"$5,029,650 ",,,,,1st Round Pick,"$8,310,570 "
260,Troy Brown\browntr01,WAS,3219480,"$3,372,840 ","$5,170,564 ",,,,1st Round Pick,"$6,592,320 "
261,Jon Leuer\leuerjo01,MIL,3169348,"$3,169,348 ","$3,169,347 ",,,,,"$9,508,043 "
262,Yogi Ferrell\ferreyo01,SAC,3150000,,,,,,Cap Space,"$3,150,000 "
263,Guerschon Yabusele\yabusgu01,BOS,3117240,,,,,,,"$3,117,240 "
264,Zhaire Smith\smithzh01,PHI,3058800,"$3,204,600 ","$4,915,856 ",,,,1st Round Pick,"$6,263,400 "
265,Dwight Howard\howardw01,MEM,3039097,,,,,,,"$3,039,097 "
266,Khem Birch\birchkh01,ORL,3000000,"$3,000,000 ",,,,,Early Bird Rights,"$6,000,000 "
267,Ryan Arcidiacono\arcidry01,CHI,3000000,"$3,000,000 ","$3,000,000 ",,,,Cap space,"$6,000,000 "
268,Quinn Cook\cookqu01,LAL,3000000,"$3,000,000 ",,,,,Cap Space,"$4,000,000 "
269,Ömer A??k\asikom01,CHI,3000000,,,,,,,"$3,000,000 "
270,Nickeil Alexander-Walker\alexani01,NOP,2964840,"$3,113,160 ","$3,261,480 ","$5,009,633 ",,,1st Round Pick,"$6,078,000 "
271,D.J. Wilson\wilsodj01,MIL,2961120,"$4,548,280 ",,,,,1st Round Pick,"$7,509,400 "
272,Cedi Osman\osmande01,CLE,2907143,"$8,750,000 ","$8,050,000 ","$7,350,000 ","$6,650,000 ",,MLE,"$27,057,143 "
273,Donte DiVincenzo\divindo01,MIL,2905800,"$3,044,160 ","$4,675,830 ",,,,1st Round Pick,"$5,949,960 "
274,Bryn Forbes\forbebr01,SAS,2875000,,,,,,Early Bird Rights,"$2,875,000 "
275,Andrew Nicholson\nichoan01,POR,2844429,"$2,844,429 ","$2,844,429 ","$2,844,429 ","$2,844,429 ",,,"$14,222,145 "
276,Goga Bitadze\bitadgo01,IND,2816760,"$2,957,520 ","$3,098,400 ","$4,765,339 ",,,1st Round Pick,"$5,774,280 "
277,T.J. Leaf\leaftj01,IND,2813280,"$4,326,825 ",,,,,1st Round Pick,"$7,140,105 "
278,Lonnie Walker\walkelo01,SAS,2760480,"$2,892,000 ","$4,447,896 ",,,,1st Round Pick,"$5,652,480 "
279,Alex Caruso\carusal01,LAL,2750000,"$2,750,000 ",,,,,Room Exception,"$5,500,000 "
280,Malik Beasley\beaslma01,MIN,2731714,,,,,,1st Round pick,"$2,731,714 "
281,Luka Šamani?\samanlu01,SAS,2689920,"$2,824,320 ","$2,959,080 ","$4,556,983 ",,,1st Round Pick,"$5,514,240 "
282,John Collins\collijo01,ATL,2686560,"$4,137,302 ",,,,,1st Round Pick,"$6,823,862 "
283,Kevin Huerter\huertke01,ATL,2636280,"$2,761,920 ","$4,253,357 ",,,,1st Round Pick,"$5,398,200 "
284,Caris LeVert\leverca01,BRK,2625718,"$16,203,704 ","$17,500,000 ","$18,796,296 ",,,1st Round pick,"$55,125,718 "
285,Marko Guduric\gudurma01,MEM,2625000,"$2,750,000 ",,,,,Bi-annual Exception,"$5,375,000 "
286,DeAndre' Bembry\bembrde01,ATL,2603982,,,,,,1st Round pick,"$2,603,982 "
287,Matisse Thybulle\thybuma01,PHI,2582160,"$2,711,280 ","$2,840,160 ","$4,379,527 ",,,1st Round Pick,"$5,293,440 "
288,Harry Giles\gilesha01,SAC,2578800,,,,,,1st Round Pick,"$2,578,800 "
289,Jeff Green\greenje02,UTA,2564753,,,,,,,"$2,564,753 "
290,Pau Gasol\gasolpa01,POR,2564753,,,,,,,"$2,564,753 "
291,Wesley Matthews\matthwe02,MIL,2564753,"$2,692,991 ",,,,,Minimum Salary,"$2,564,753 "
292,Kyle Korver\korveky01,MIL,2564753,,,,,,Minimum Salary,"$2,564,753 "
293,Udonis Haslem\hasleud01,MIA,2564753,,,,,,Minimum Salary,"$2,564,753 "
294,Jared Dudley\dudleja01,LAL,2564753,,,,,,Minimum Salary,"$2,564,753 "
295,Rajon Rondo\rondora01,LAL,2564753,"$2,619,605 ",,,,,Minimum Salary,"$2,564,753 "
296,Dwight Howard\howardw01,LAL,2564753,,,,,,Minimum Salary,"$2,564,753 "
297,Thabo Sefolosha\sefolth01,HOU,2564753,,,,,,Minimum Salary,"$2,564,753 "
298,Tyson Chandler\chandty01,HOU,2564753,,,,,,Minimum Salary,"$2,564,753 "
299,Gerald Green\greenge01,DEN,2564753,,,,,,,"$2,564,753 "
300,J.J. Barea\bareajo01,DAL,2564753,,,,,,Minimum Salary,"$2,564,753 "
301,Wilson Chandler\chandwi01,BRK,2564753,,,,,,Minimum Salary,"$2,564,753 "
302,Nenê Hilário\hilarne01,ATL,2564753,,,,,,,"$2,564,753 "
303,Vince Carter\cartevi01,ATL,2564753,,,,,,Minimum Salary,"$2,564,753 "
304,Josh Okogie\okogijo01,MIN,2530680,"$2,651,040 ","$4,087,904 ",,,,1st Round Pick,"$5,181,720 "
305,Vincent Poirier\poirivi01,BOS,2505793,"$2,619,207 ",,,,,Minimum Salary,"$5,125,000 "
306,Rondae Hollis-Jefferson\holliro01,TOR,2500000,,,,,,MLE,"$2,500,000 "
307,Brandon Clarke\clarkbr01,MEM,2478840,"$2,602,920 ","$2,726,880 ","$4,343,920 ",,,1st Round Pick,"$5,081,760 "
308,Terrance Ferguson\fergute01,OKC,2475840,"$3,944,013 ",,,,,1st Round Pick,"$6,419,853 "
309,Grayson Allen\allengr01,MEM,2429400,"$2,545,320 ","$4,054,695 ",,,,1st Round Pick,"$4,974,720 "
310,Anthony Tolliver\tollian01,SAC,2419852,,,,,,,"$2,419,852 "
311,Grant Williams\willigr01,BOS,2379840,"$2,498,760 ","$2,617,800 ","$4,306,281 ",,,1st Round Pick,"$4,878,600 "
312,Jarrett Allen\allenja01,BRK,2376840,"$3,909,902 ",,,,,1st Round Pick,"$6,286,742 "
313,Pascal Siakam\siakapa01,TOR,2351839,"$29,000,000 ","$31,320,000 ","$33,640,000 ","$35,960,000 ",,1st Round pick,"$132,271,839 "
314,Skal Labissière\labissk01,ATL,2338847,,,,,,1st Round pick,"$2,338,847 "
315,Chandler Hutchison\hutchch01,CHI,2332320,"$2,443,440 ","$4,019,459 ",,,,1st Round Pick,"$4,775,760 "
316,Patrick Patterson\pattepa01,LAC,2331593,,,,,,Minimum Salary,"$2,331,593 "
317,Dejounte Murray\murrade01,SAS,2321735,"$14,285,714 ","$15,428,571 ","$16,571,429 ","$17,714,286 ",,1st Round pick,"$66,321,735 "
318,Alec Burks\burksal01,PHI,2320044,,,,,,Minimum Salary,"$2,320,044 "
319,Isaiah Thomas\thomais02,LAC,2320044,,,,,,,"$2,320,044 "
320,Damian Jones\jonesda03,ATL,2305057,,,,,,1st Round pick,"$2,305,057 "
321,Darius Bazley\bazleda01,OKC,2284800,"$2,399,160 ","$2,513,040 ","$4,264,629 ",,,1st Round Pick,"$4,683,960 "
322,OG Anunoby\anunoog01,TOR,2281800,"$3,872,215 ",,,,,1st Round Pick,"$6,154,015 "
323,Ante Žiži?\zizican01,CLE,2281800,,,,,,1st Round Pick,"$2,281,800 "
324,Monta Ellis\ellismo01,IND,2245400,"$2,245,400 ","$2,245,400 ",,,,,"$6,736,200 "
325,Markieff Morris\morrima02,DET,2241808,,,,,,,"$2,241,808 "
326,Aaron Holiday\holidaa01,IND,2239200,"$2,345,640 ","$3,980,551 ",,,,1st Round Pick,"$4,584,840 "
327,Luke Kornet\kornelu01,CHI,2195122,"$2,304,878 ",,,,,Room Exception,"$4,500,000 "
328,Ty Jerome\jeromty01,PHO,2193480,"$2,303,040 ","$2,412,840 ","$4,220,057 ",,,1st Round Pick,"$4,496,520 "
329,Willie Cauley-Stein\caulewi01,DAL,2177483,"$2,286,357 ",,,,,MLE,"$2,177,483 "
330,Austin Rivers\riverau01,HOU,2174318,"$2,369,663 ",,,,,Minimum Salary,"$2,174,318 "
331,Carmelo Anthony\anthoca01,POR,2159029,,,,,,Minimum Salary,"$2,159,029 "
332,Anfernee Simons\simonan01,POR,2149560,"$2,252,040 ","$3,938,818 ",,,,1st Round Pick,"$4,401,600 "
333,Matt Barnes\barnema02,SAC,2133541,,,,,,,"$2,133,541 "
334,Nassir Little\littlna01,POR,2105520,"$2,210,640 ","$2,316,240 ","$4,171,548 ",,,1st Round Pick,"$4,316,160 "
335,Torrey Craig\craigto01,DEN,2100000,,,,,,Cap Space,"$2,100,000 "
336,Moritz Wagner\wagnemo01,WAS,2063520,"$2,161,920 ","$3,893,618 ",,,,1st Round Pick,"$4,225,440 "
337,Dylan Windler\windldy01,CLE,2035800,"$2,137,440 ","$2,239,200 ","$4,037,278 ",,,1st Round Pick,"$4,173,240 "
338,Caleb Swanigan\swanica01,POR,2033160,,,,,,1st Round Pick,"$2,033,160 "
339,Trey Burke\burketr01,PHI,2028594,,,,,,,"$2,028,594 "
340,Kyle O'Quinn\oquinky01,PHI,2028594,,,,,,Minimum Salary,"$2,028,594 "
341,Michael Carter-Williams\cartemi01,ORL,2028594,,,,,,Minimum Salary,"$2,028,594 "
342,Mike Muscala\muscami01,OKC,2028594,"$2,283,034 ",,,,,Minimum Salary,"$2,028,594 "
343,Nerlens Noel\noelne01,OKC,2028594,,,,,,Minimum Salary,"$2,028,594 "
344,Troy Daniels\danietr01,LAL,2028594,,,,,,,"$2,028,594 "
345,Ben McLemore\mclembe01,HOU,2028594,"$2,283,034 ",,,,,Minimum Salary,"$2,028,594 "
346,Spencer Hawes\hawessp01,MIL,2007058,,,,,,,"$2,007,058 "
347,Edmond Sumner\sumneed01,IND,2000000,"$2,160,000 ","$2,320,000 ",,,,Cap Space,"$4,160,000 "
348,Avery Bradley\bradlav01,MEM,2000000,,,,,,,"$2,000,000 "
349,Noah Vonleh\vonleno01,DEN,2000000,,,,,,MLE,"$2,000,000 "
350,Landry Shamet\shamela01,LAC,1995120,"$2,090,040 ","$3,768,342 ",,,,1st Round Pick,"$4,085,160 "
351,Mfiondu Kabengele\kabenmf01,LAC,1977000,"$2,075,880 ","$2,174,880 ","$3,923,484 ",,,1st Round Pick,"$4,052,880 "
352,Kyle Kuzma\kuzmaky01,LAL,1974600,"$3,562,178 ",,,,,1st Round Pick,"$5,536,778 "
353,Jordan Poole\poolejo01,GSW,1964760,"$2,063,280 ","$2,161,440 ","$3,901,399 ",,,1st Round Pick,"$4,028,040 "
354,Tony Bradley\bradlto01,UTA,1962360,"$3,542,060 ",,,,,1st Round Pick,"$5,504,420 "
355,Keldon Johnson\johnske04,SAS,1950600,"$2,048,040 ","$2,145,720 ","$3,873,025 ",,,1st Round Pick,"$3,998,640 "
356,Derrick White\whitede01,SAS,1948080,"$3,516,284 ",,,,,1st Round Pick,"$5,464,364 "
357,Robert Williams\williro04,BOS,1937520,"$2,029,920 ","$3,661,976 ",,,,1st Round Pick,"$3,967,440 "
358,Josh Hart\hartjo01,NOP,1934160,"$3,491,159 ",,,,,1st Round Pick,"$5,425,319 "
359,Jacob Evans\evansja02,MIN,1925880,"$2,017,320 ","$3,641,263 ",,,,1st Round Pick,"$3,943,200 "
360,Anderson Varejão\varejan01,POR,1913345,"$1,913,345 ",,,,,,"$3,826,690 "
361,Džanan Musa\musadz01,BRK,1911600,"$2,002,800 ","$3,615,054 ",,,,1st Round Pick,"$3,914,400 "
362,Omari Spellman\spellom01,MIN,1897800,"$1,988,280 ","$3,588,845 ",,,,1st Round Pick,"$3,886,080 "
363,Shabazz Napier\napiesh01,WAS,1882867,,,,,,Cap Space,"$1,882,867 "
364,Glenn Robinson\robingl02,PHI,1882867,"$2,071,978 ",,,,,Minimum Salary,"$1,882,867 "
365,James Ennis\ennisja01,ORL,1882867,"$2,071,978 ",,,,,Minimum Salary,"$1,882,867 "
366,Tim Frazier\fraziti01,DET,1882867,,,,,,,"$1,882,867 "
367,Larry Sanders\sandela01,MIL,1865547,"$1,865,547 ","$1,865,547 ",,,,,"$5,596,641 "
368,Bruno Caboclo\cabocbr01,HOU,1845301,,,,,,Minimum Salary,"$1,845,301 "
369,Markieff Morris\morrima02,LAL,1750000,,,,,,DPE,"$1,750,000 "
370,Mario Hezonja\hezonma01,POR,1737145,"$1,882,867 ",,,,,Minimum Salary,"$3,620,012 "
371,Emmanuel Mudiay\mudiaem01,UTA,1737145,,,,,,Minimum Salary,"$1,737,145 "
372,Raul Neto\netora01,PHI,1737145,,,,,,Minimum Salary,"$1,737,145 "
373,JaKarr Sampson\sampsja02,IND,1737145,,,,,,Minimum Salary,"$1,737,145 "
374,Pat Connaughton\connapa01,MIL,1723050,,,,,,MLE,"$1,723,050 "
375,Jahlil Okafor\okafoja01,NOP,1702486,,,,,,Minimum Salary,"$1,702,486 "
376,Rodions Kurucs\kurucro01,BRK,1699236,"$1,780,152 ","$1,861,068 ",,,,Cap space,"$3,479,388 "
377,Jonah Bolden\boldejo01,PHI,1698450,,,,,,,"$1,698,450 "
378,Georges Niang\niangge01,UTA,1678854,"$1,783,557 ",,,,,Non-Bird Exception,"$1,678,854 "
379,Cheick Diallo\diallch01,PHO,1678854,"$1,824,003 ",,,,,Minimum Salary,"$1,678,854 "
380,Dragan Bender\bendedr01,MIL,1678854,,,,,,,"$1,678,854 "
381,David Nwaba\nwabada01,BRK,1678854,,,,,,,"$1,678,854 "
382,Treveon Graham\grahatr01,ATL,1678854,,,,,,Minimum Salary,"$1,678,854 "
383,Willy Hernangómez\hernawi01,CHO,1676735,,,,,,Cap Space,"$1,676,735 "
384,Derrick Jones\jonesde02,MIA,1645357,,,,,,Minimum Salary,"$1,645,357 "
385,Jordan McRae\mcraejo01,DET,1645357,,,,,,Minimum Salary,"$1,645,357 "
386,Christian Wood\woodch01,DET,1645357,,,,,,Minimum Salary,"$1,645,357 "
387,Furkan Korkmaz\korkmfu01,PHI,1620564,"$1,762,796 ",,,,,Minimum Salary,"$1,620,564 "
388,Jordan Bell\belljo01,MEM,1620564,,,,,,,"$1,620,564 "
389,Justin Patton\pattoju01,DAL,1620564,,,,,,,"$1,620,564 "
390,Royce O'Neale\onealro01,UTA,1618520,"$8,035,714 ","$8,678,571 ","$9,321,429 ","$9,964,286 ",,Cap space,"$37,618,520 "
391,Dillon Brooks\brookdi01,MEM,1618520,"$11,400,000 ","$12,200,000 ","$11,400,000 ",,,MLE,"$36,618,520 "
392,Wesley Iwundu\iwundwe01,ORL,1618520,,,,,,Cap Space,"$1,618,520 "
393,Abdel Nader\naderab01,OKC,1618520,"$1,752,950 ",,,,,Cap Space,"$1,618,520 "
394,Damyean Dotson\dotsoda01,NYK,1618520,,,,,,Minimum Salary,"$1,618,520 "
395,Frank Jackson\jacksfr01,NOP,1618520,,,,,,MLE,"$1,618,520 "
396,Sterling Brown\brownst02,MIL,1618520,,,,,,MLE,"$1,618,520 "
397,Dwayne Bacon\bacondw01,CHO,1618520,,,,,,MLE,"$1,618,520 "
398,Semi Ojeleye\ojelese01,BOS,1618520,"$1,752,950 ",,,,,Cap space,"$1,618,520 "
399,Chris Boucher\bouchch01,TOR,1588231,,,,,,Minimum Salary,"$1,588,231 "
400,Malcolm Miller\millema01,TOR,1588231,,,,,,Minimum Salary,"$1,588,231 "
401,Monte Morris\morrimo01,DEN,1588231,"$1,663,861 ",,,,,Minimum Salary,"$1,588,231 "
402,Mitchell Robinson\robinmi01,NYK,1559712,"$1,663,861 ","$1,802,057 ",,,,MLE,"$1,559,712 "
403,Vlatko ?an?ar\cancavl01,DEN,1517981,"$898,310 ","$1,782,621 ",,,,MLE,"$2,416,291 "
404,Isaiah Roby\robyis01,OKC,1500000,"$1,517,981 ","$1,782,621 ","$1,930,681 ",,,MLE,"$3,017,981 "
405,Nigel Williams-Goss\willini01,UTA,1500000,"$1,517,981 ","$1,782,621 ",,,,Cap Space,"$1,500,000 "
406,J.R. Smith\smithjr01,CLE,1456667,"$1,456,667 ","$1,456,666 ",,,,,"$4,370,000 "
407,Shake Milton\miltosh01,PHI,1445697,"$1,701,593 ","$1,846,738 ","$1,997,718 ",,,Cap Space,"$4,994,028 "
408,Thanasis Antetokounmpo\antetth01,MIL,1445697,"$1,701,593 ",,,,,Minimum Salary,"$3,147,290 "
409,Amile Jefferson\jeffeam01,ORL,1445697,,,,,,,"$1,445,697 "
410,Theo Pinson\pinsoth01,NYK,1445697,"$1,701,593 ",,,,,Minimum Salary,"$1,445,697 "
411,Brad Wanamaker\wanambr01,BOS,1445697,,,,,,Minimum Salary,"$1,445,697 "
412,Derrick Walton\waltode01,ATL,1445697,,,,,,,"$1,445,697 "
413,Ryan Broekhoff\broekry01,DAL,1443842,,,,,,,"$1,443,842 "
414,Gary Trent\trentga02,POR,1416852,"$1,663,861 ",,,,,MLE,"$3,080,713 "
415,Isaac Bonga\bongais01,WAS,1416852,"$1,663,861 ",,,,,Cap Space,"$1,416,852 "
416,Chimezie Metu\metuch01,SAS,1416852,"$1,663,861 ",,,,,MLE,"$1,416,852 "
417,Jevon Carter\carteje01,PHO,1416852,,,,,,MInimum Salary,"$1,416,852 "
418,Elie Okobo\okoboel01,PHO,1416852,"$1,663,861 ","$1,802,057 ",,,,Cap Space,"$1,416,852 "
419,Melvin Frazier\frazime01,ORL,1416852,"$1,663,861 ",,,,,MLE,"$1,416,852 "
420,Deonte Burton\burtode02,OKC,1416852,"$1,663,861 ",,,,,Minimum Salary,"$1,416,852 "
421,Hamidou Diallo\diallha01,OKC,1416852,"$1,663,861 ",,,,,MLE,"$1,416,852 "
422,Kenrich Williams\willike04,NOP,1416852,,,,,,Minimum Salary,"$1,416,852 "
423,Jarred Vanderbilt\vandeja01,MIN,1416852,"$1,663,861 ",,,,,Cap Space,"$1,416,852 "
424,Duncan Robinson\robindu01,MIA,1416852,"$1,663,861 ",,,,,MLE,"$1,416,852 "
425,Kendrick Nunn\nunnke01,MIA,1416852,"$1,663,861 ",,,,,Minimum Salary,"$1,416,852 "
426,De'Anthony Melton\meltode01,MEM,1416852,,,,,,Cap Space,"$1,416,852 "
427,Alize Johnson\johnsal02,IND,1416852,,,,,,Minimum Salary,"$1,416,852 "
428,Isaiah Hartenstein\harteis01,HOU,1416852,,,,,,,"$1,416,852 "
429,Sviatoslav Mykhailiuk\mykhasv01,DET,1416852,"$1,663,861 ",,,,,Cap Space,"$1,416,852 "
430,Bruce Brown\brownbr01,DET,1416852,"$1,663,861 ",,,,,MLE,"$1,416,852 "
431,Keita Bates-Diop\bateske01,DEN,1416852,"$1,663,861 ",,,,,MLE,"$1,416,852 "
432,Devonte' Graham\grahade01,CHO,1416852,"$1,663,861 ",,,,,MLE,"$1,416,852 "
433,Jalen Brunson\brunsja01,DAL,1416582,"$1,663,861 ","$1,802,057 ",,,,Cap Space,"$3,080,443 "
434,Bruno Fernando\fernabr01,ATL,1400000,"$1,517,981 ","$1,782,621 ",,,,Cap space,"$4,700,602 "
435,Jaylen Nowell\nowelja01,MIN,1400000,"$1,517,981 ","$1,782,621 ","$1,930,681 ",,,MLE,"$1,400,000 "
436,Alfonzo McKinnie\mckinal01,CLE,1361046,"$1,762,796 ","$1,910,860 ","$2,165,298 ",,,MLE,"$2,253,031 "
437,Kevin Porter\porteke02,CLE,1290960,"$2,033,160 ","$2,130,240 ","$3,845,083 ",,,1st Round Pick,"$3,324,120 "
438,Carsen Edwards\edwarca01,BOS,1228026,"$1,517,981 ","$1,782,621 ","$1,930,681 ",,,Cap space,"$4,528,628 "
439,Cody Martin\martico01,CHO,1173310,"$1,517,981 ","$1,782,621 ",,,,MLE,"$4,473,912 "
440,Gary Payton\paytoga02,WAS,1090781,,,,,,Minimum Salary,"$1,090,781 "
441,George Hill\hillge01,MIL,1000000,,,,,,,"$21,000,000 "
442,Terance Mann\mannte01,LAC,1000000,"$1,517,984 ","$1,782,621 ","$1,930,681 ",,,Minimum Salary,"$2,517,984 "
443,Jonathon Simmons\simmojo02,WAS,1000000,,,,,,,"$1,000,000 "
444,Justin Hamilton\hamilju01,TOR,1000000,,,,,,,"$1,000,000 "
445,Kyle Singler\singlky01,OKC,999200,"$999,200 ","$999,200 ","$999,200 ",,,,"$3,996,800 "
446,Marvin Williams\willima02,MIL,956349,,,,,,Minimum Salary,"$956,349 "
447,David Nwaba\nwabada01,HOU,903111,"$1,862,250 ",,,,,MLE,"$903,111 "
448,Admiral Schofield\schofad01,WAS,898310,"$1,517,981 ","$1,782,621 ",,,,MLE,"$4,198,912 "
449,KZ Okpala\okpalkz01,MIA,898310,"$1,517,981 ","$1,782,621 ",,,,MLE,"$4,198,912 "
450,Eric Paschall\pascher01,GSW,898310,"$1,517,981 ","$1,782,621 ",,,,MLE,"$4,198,912 "
451,Nicolas Claxton\claxtni01,BRK,898310,"$1,517,981 ","$1,782,621 ",,,,Minimum Salary,"$4,198,912 "
452,Justin James\jamesju01,SAC,898310,"$1,517,981 ","$1,782,621 ",,,,Minimum Salary,"$2,416,291 "
453,Jalen Lecque\lecquja01,PHO,898310,"$1,517,981 ","$1,782,621 ","$1,930,681 ",,,Cap Space,"$2,416,291 "
454,Ignas Brazdeikis\brazdig01,NYK,898310,"$1,517,981 ","$1,782,621 ",,,,Minimum Salary,"$2,416,291 "
455,Talen Horton-Tucker\hortota01,LAL,898310,"$1,517,981 ",,,,,Minimum Salary,"$2,416,291 "
456,Daniel Gafford\gaffoda01,CHI,898310,"$1,517,981 ","$1,782,621 ","$1,930,681 ",,,Minimum Salary,"$2,416,291 "
457,Alen Smailagi?\smailal01,GSW,898310,"$1,517,981 ","$1,782,621 ","$1,930,681 ",,,MLE,"$2,415,891 "
458,Matt Thomas\thomama02,TOR,898310,"$1,517,981 ","$1,782,621 ",,,,MLE,"$1,623,310 "
459,Miye Oni\onimi01,UTA,898310,"$1,517,981 ","$1,782,621 ",,,,Minimum Salary,"$898,310 "
460,Dewan Hernandez\hernade01,TOR,898310,"$1,517,981 ","$1,782,621 ",,,,MLE,"$898,310 "
461,Terence Davis\daviste02,TOR,898310,"$1,517,981 ",,,,,Minimum Salary,"$898,310 "
462,Wenyen Gabriel\gabriwe01,POR,898310,,,,,,Minimum Salary,"$898,310 "
463,Naz Reid\reidna01,MIN,898310,"$1,517,981 ","$1,782,621 ","$1,930,681 ",,,MLE,"$898,310 "
464,Jalen McDaniels\mcdanja01,CHO,898310,"$1,517,981 ","$1,782,621 ","$1,930,681 ",,,Minimum Salary,"$898,310 "
465,Caleb Martin\martica02,CHO,898310,"$1,517,981 ","$1,782,621 ",,,,Minimum Salary,"$898,310 "
466,Shaquille Harrison\harrish01,CHI,898310,,,,,,Minimum Salary,"$898,310 "
467,Javonte Green\greenja02,BOS,898310,"$1,517,981 ",,,,,Minimum Salary,"$898,310 "
468,Damion Lee\leeda03,GSW,842327,"$1,762,796 ","$1,910,860 ",,,,MLE,"$1,442,327 "
469,Khyri Thomas\thomakh01,DET,838464,"$1,663,861 ",,,,,MLE,"$838,464 "
470,DeMarre Carroll\carrode01,HOU,811447,,,,,,Minimum Salary,"$811,447 "
471,Michael Kidd-Gilchrist\kiddgmi01,DAL,810763,,,,,,Minimum Salary,"$810,763 "
472,Marquese Chriss\chrisma01,GSW,758804,,,,,,,"$2,213,272 "
473,Juwan Morgan\morgaju01,UTA,746054,,,,,,Minimum Salary,"$746,054 "
474,Patrick Patterson\pattepa01,OKC,737067,"$737,067 ","$737,066 ",,,,,"$2,211,200 "
475,Reggie Jackson\jacksre01,LAC,734025,,,,,,Minimum Salary,"$734,025 "
476,Alfonzo McKinnie\mckinal01,CLE,708871,,,,,,,"$2,253,031 "
477,Gary Clark\clarkga01,HOU,708426,,,,,,,"$708,426 "
478,Jeff Green\greenje02,HOU,695526,,,,,,Minimum Salary,"$840,427 "
479,Cole Aldrich\aldrico01,MIN,685340,"$685,340 ",,,,,,"$1,370,680 "
480,Shaun Livingston\livinsh01,GSW,666667,"$666,667 ","$666,666 ",,,,,"$2,666,666 "
481,Marquese Chriss\chrisma01,GSW,654468,"$1,824,003 ",,,,,Minimum Salary,"$2,213,272 "
482,Timothé Luwawu-Cabarrot\luwawti01,BRK,654468,"$1,824,003 ",,,,,Minimum Salary,"$844,170 "
483,Rayjon Tucker\tuckera01,UTA,578573,"$1,517,981 ",,,,,Minimum Salary,"$578,574 "
484,Chris Clemons\clemoch01,HOU,568422,"$1,517,981 ","$1,782,621 ",,,,MLE,"$568,422 "
485,Gary Clark\clarkga01,ORL,555409,,,,,,Minimum Salary,"$718,765 "
486,Brandon Goodwin\goodwbr01,ATL,522738,"$1,701,593 ",,,,,Minimum Salary,"$522,738 "
487,Dion Waiters\waitedi01,LAL,503656,,,,,,Minimum Salary,"$503,656 "
488,Ryan Anderson\anderry01,HOU,500000,,,,,,,"$500,000 "
489,Anžejs Pase??iks\pasecan01,WAS,482144,,,,,,Minimum Salary,"$482,144 "
490,Troy Daniels\danietr01,DEN,481000,,,,,,Minimum Salary,"$481,000 "
491,Chris Silva\silvach01,MIA,466918,"$1,517,981 ","$1,782,621 ",,,,MLE,"$1,984,899 "
492,Dakari Johnson\johnsda04,MEM,459414,"$459,414 ",,,,,,"$918,828 "
493,Iman Shumpert\shumpim01,BRK,419443,,,,,,,"$419,443 "
494,Max Strus\strusma01,BOS,415414,,,,,,,"$415,414 "
495,Justin Robinson\robinju01,WAS,395866,,,,,,,"$395,866 "
496,Dean Wade\wadede01,CLE,375000,"$1,517,981 ","$1,782,621 ","$1,930,681 ",,,MLE,"$375,000 "
497,Ivan Rabb\rabbiv01,MEM,371758,,,,,,,"$371,758 "
498,Norvel Pelle\pelleno01,PHI,350189,,,,,,Minimum Salary,"$350,189 "
499,Ky Bowman\bowmaky01,GSW,350189,"$1,517,981 ","$1,782,621 ",,,,MLE,"$350,189 "
500,Juan Toscano-Anderson\toscaju01,GSW,350189,"$1,517,981 ","$1,782,621 ",,,,MLE,"$350,189 "
501,A.J. Hammons\hammoaj01,MIA,350087,"$350,087 ",,,,,,"$700,174 "
502,Festus Ezeli\ezelife01,POR,333333,,,,,,,"$333,333 "
503,C.J. Watson\watsocj01,ORL,333333,,,,,,,"$333,333 "
504,Anthony Tolliver\tollian01,MEM,289803,,,,,,Minimum Salary,"$434,704 "
505,Joakim Noah\noahjo01,LAC,289803,"$1,737,274 ",,,,,Minimum Salary,"$434,704 "
506,Corey Brewer\breweco01,SAC,289803,,,,,,Minimum Salary,"$289,803 "
507,J.R. Smith\smithjr01,LAL,289803,,,,,,Minimum Salary,"$289,803 "
508,Luc Mbah a Moute\mbahalu01,HOU,289803,,,,,,Minimum Salary,"$289,803 "
509,Jamal Crawford\crawfja01,BRK,289803,,,,,,Minimum Salary,"$289,803 "
510,Lance Thomas\thomala01,BRK,262152,,,,,,Minimum Salary,"$262,152 "
511,Stanton Kidd\kiddst01,UTA,250000,,,,,,,"$250,000 "
512,Jordan Bell\belljo01,CLE,250000,,,,,,MLE,"$250,000 "
513,Tyler Zeller\zellety01,SAS,245686,"$2,436,046 ",,,,,Minimum Salary,"$245,686 "
514,Trey Burke\burketr01,DAL,229220,,,,,,Minimum Salary,"$229,220 "
515,Joe Johnson\johnsjo02,DET,220000,,,,,,,"$220,000 "
516,Tyler Johnson\johnsty01,BRK,212753,,,,,,Minimum Salary,"$212,753 "
517,Jemerrio Jones\jonesje01,WAS,199000,,,,,,,"$199,000 "
518,Jontay Porter\portejo01,MEM,197933,"$1,517,981 ",,,,,Minimum Salary,"$197,933 "
519,Justin Anderson\anderju01,BRK,196288,,,,,,Minimum Salary,"$294,432 "
520,Jerian Grant\grantje02,WAS,196288,,,,,,Minimum Salary,"$196,288 "
521,Cameron Payne\payneca01,PHO,196288,"$1,977,011 ",,,,,Minimum Salary,"$196,288 "
522,Timothé Luwawu-Cabarrot\luwawti01,BRK,189702,,,,,,,"$844,170 "
523,Dragan Bender\bendedr01,GSW,189702,,,,,,,"$189,702 "
524,Mychal Mulder\muldemy01,GSW,187782,"$1,517,981 ","$1,782,621 ",,,,Minimum Salary,"$238,534 "
525,Sindarius Thornwell\thornsi01,NOP,183115,,,,,,Minimum Salary,"$183,115 "
526,Justin Patton\pattoju01,DET,183115,"$1,762,796 ",,,,,Minimum Salary,"$183,115 "
527,PJ Dozier\doziepj01,DEN,183115,,,,,,MLE,"$183,115 "
528,Alfonzo McKinnie\mckinal01,CLE,183114,,,,,,,"$2,253,031 "
529,Gary Clark\clarkga01,ORL,163356,,,,,,,"$718,765 "
530,Jarrod Uthoff\uthofja01,WAS,163356,,,,,,Minimum Salary,"$163,356 "
531,Jaylen Adams\adamsja01,POR,163356,,,,,,Minimum Salary,"$163,356 "
532,Joe Chealey\chealjo01,CHO,163356,,,,,,,"$163,356 "
533,Luguentz Dort\dortlu01,OKC,155647,"$1,517,981 ","$1,782,621 ","$1,930,681 ",,,Minimum Salary,"$2,298,628 "
534,Cameron Payne\payneca01,TOR,150000,,,,,,,"$150,000 "
535,Jeff Green\greenje02,HOU,144901,,,,,,,"$840,427 "
536,Anthony Tolliver\tollian01,MEM,144901,,,,,,,"$434,704 "
537,Joakim Noah\noahjo01,LAC,144901,,,,,,,"$434,704 "
538,Troy Williams\willitr02,HOU,122741,"$122,741 ","$122,741 ","$122,741 ",,,,"$490,964 "
539,Johnathan Williams\willijo04,WAS,106181,,,,,,,"$106,181 "
540,Tyler Cook\cookty01,CLE,101504,,,,,,,"$151,504 "
541,Donta Hall\halldo01,DET,101504,,,,,,,"$101,504 "
542,Donta Hall\halldo01,BRK,101504,,,,,,Minimum Salary,"$101,504 "
543,Yante Maten\matenya01,MIA,100000,,,,,,,"$100,000 "
544,Jaylen Adams\adamsja01,ATL,100000,,,,,,,"$100,000 "
545,Justin Anderson\anderju01,BRK,98144,,,,,,,"$294,432 "
546,Demetrius Jackson\jacksde01,BOS,92857,"$92,857 ","$92,857 ","$92,857 ","$92,857 ",,,"$464,285 "
547,Chasson Randle\randlch01,GSW,91557,,,,,,,"$91,557 "
548,Jeremy Pargo\pargoje01,GSW,91557,,,,,,,"$91,557 "
549,Jonah Bolden\boldejo01,PHO,81678,,,,,,,"$81,678 "
550,Josh Magette\magetjo01,ORL,81678,,,,,,,"$81,678 "
551,Jarrod Uthoff\uthofja01,MEM,81678,,,,,,,"$81,678 "
552,Dusty Hannahs\hannadu01,MEM,81678,,,,,,,"$81,678 "
553,Derrick Walton\waltode01,DET,81678,,,,,,,"$81,678 "
554,Sheldon Mac\mcclesh01,CLE,81678,,,,,,,"$81,678 "
555,J.P. Macura\macurjp01,CLE,81678,,,,,,,"$81,678 "
556,Mychal Mulder\muldemy01,GSW,50752,,,,,,,"$238,534 "
557,Eric Mika\mikaer01,SAC,50752,,,,,,,"$50,752 "
558,Zach Norvell\norveza01,GSW,50752,,,,,,,"$50,752 "
559,Malik Newman\newmama01,CLE,50752,,,,,,,"$50,752 "
560,Marques Bolden\boldema01,CLE,50752,,,,,,,"$50,752 "
561,Sir'Dominic Pointer\pointsi01,CLE,50752,,,,,,,"$50,752 "
562,Paul Watson\watsopa01,ATL,50752,,,,,,,"$50,752 "
563,Tyler Cook\cookty01,CLE,50000,,,,,,,"$151,504 "
564,William Howard\howarwi01,UTA,50000,,,,,,,"$50,000 "
565,Isaiah Taylor\taylois01,TOR,50000,,,,,,,"$50,000 "
566,Tyler Lydon\lydonty01,SAC,50000,,,,,,,"$50,000 "
567,Hollis Thompson\thompho01,SAC,50000,,,,,,,"$50,000 "
568,Tyler Ulis\ulisty01,SAC,50000,,,,,,,"$50,000 "
